Random,Machine_nbr,lifetime,pressureInd,moistureInd,temperatureInd,team,provider,broken
0.437419913,723,60,77.83610485,112.8325443,121.7863711,3,3,Yes
0.688344646,107,88,89.35061975,95.22812545,99.08231665,1,4,Yes
0.805669756,153,30,130.0894769,96.36774655,103.6083438,1,3,No
0.923186705,140,79,87.42199024,110.9415742,129.6915102,2,1,Yes
0.036582505,359,2,69.93989757,86.29238721,91.86198316,3,3,No
0.716907389,10,81,97.50182643,92.22803866,80.80015925,3,4,Yes
0.264124107,20,11,166.7858975,97.24421296,89.58568737,2,2,No
0.650042735,542,62,94.41582296,95.0731171,107.6967466,3,2,No
0.636111948,156,27,102.6766575,88.96320258,102.9798574,3,4,No
0.923186705,140,79,87.42199024,110.9415742,129.6915102,2,1,
0.906825438,324,52,93.09981147,103.4661907,71.49777571,2,3,No
0.575801777,453,41,93.7971681,92.23087548,117.8775732,1,2,No
0.046901975,301,80,104.3627063,88.17677958,80.27367989,2,1,Yes
0.09713066,87,77,113.0908777,109.3698093,95.60612507,1,4,No
0.507772902,128,65,86.36611059,92.56197159,96.66794972,1,3,Yes
0.599168333,327,88,99.20956467,102.7426686,76.15820848,2,4,Yes
0.647132194,789,82,96.84048235,117.8289515,73.47330364,3,4,Yes
0.575834576,184,14,90.57959798,96.70531603,136.1321316,1,2,No
0.205485283,436,46,94.23091985,107.9583453,110.6577848,3,2,No
0.793356445,907,65,86.49978354,,92.64598661,2,3,Yes
0.398613874,332,74,82.87927937,99.50867566,84.82289168,3,1,Yes
0.079509946,784,61,137.1074186,89.75347336,83.12919201,1,1,No
0.208311006,744,65,111.9591844,117.9394084,98.52943386,1,3,Yes
0.793356445,907,65,86.49978354,86.63641816,92.64598661,2,3,Yes
0.609403632,6,60,89.23363155,96.99857983,124.484758,3,3,Yes
0.713725756,421,65,57.19314091,102.1576218,106.4484335,2,3,Yes
0.400468626,81,16,90.63682861,101.8016105,130.0559851,2,4,No
0.2487503,404,72,105.0034653,113.9079658,92.92996339,1,2,No
0.281803903,678,22,89.22954094,114.8303256,117.8925563,2,1,No
0.208998077,350,41,,81.57661877,127.5978295,3,2,No
0.643276347,217,93,93.66493104,114.6482201,104.0389086,2,2,Yes
0.131681904,490,79,108.8375233,94.49523742,120.4209254,2,1,Yes
0.606913798,318,86,94.40646126,108.4936078,72.02537441,3,2,Yes
0.039574422,76,18,105.6715844,114.5880459,120.043249,3,2,No
0.208998077,350,41,61.94270337,81.57661877,127.5978295,3,2,No
0.593787865,690,11,94.60611059,113.9721223,68.8084124,3,1,No
0.041405921,695,56,112.4511083,94.6896782,62.71681205,1,2,No
0.631214933,111,63,90.16256001,91.43521609,110.7019087,1,2,No
0.660649753,25,12,104.4622671,100.0798604,78.32082733,3,2,No
0.524967469,608,44,124.3589233,97.19907991,46.85704695,1,3,No
0.215648456,750,88,84.17942039,114.0740657,83.62744989,2,4,Yes
0.038161822,753,10,114.6843238,112.8651383,76.55626608,1,3,No
0.773610007,5,86,85.54546864,103.5603805,95.46044467,3,2,Yes
0.358015448,579,68,118.0070529,84.5964103,109.636018,1,2,No
0.932723167,949,74,82.89800458,89.93110271,77.27328413,3,1,Yes
0.46630192,368,65,107.2584217,108.2827754,93.91395318,2,3,Yes
0.577993851,707,93,96.00625928,91.51747606,95.30945357,1,2,Yes
0.990141694,221,30,106.8312633,101.2135811,79.91117353,1,3,No
0.936691967,737,47,97.56399942,97.82876698,79.98840239,1,1,No
0.333838754,73,93,87.73855425,100.0435914,,1,3,No
0.280669627,939,60,89.95337574,88.1673482,116.5434247,3,3,Yes
0.256223777,697,4,85.29060065,73.29862984,108.4834019,3,2,No
0.881304229,362,74,109.8195707,90.71151167,66.85327645,3,1,Yes
0.231975198,938,44,98.4683561,100.2308122,117.3528031,2,2,No
0.591084091,386,80,133.7792866,103.1399645,104.1215429,1,1,Yes
0.942917337,866,39,87.39284133,106.1662339,84.52171258,2,4,No
0.333838754,73,93,87.73855425,100.0435914,104.753569,1,2,Yes
0.600389602,243,39,99.94713693,88.07971633,100.8153492,1,3,No
0.011242163,638,93,129.5853061,93.69210818,84.91572472,1,2,Yes
0.908286155,45,65,58.16388876,83.21343527,84.04405964,2,3,Yes
0.41756162,430,58,96.57340584,108.5498769,112.9562364,2,4,No
0.84296016,161,80,109.2796161,102.9387744,113.5224963,1,1,Yes
0.48734499,568,12,53.45018161,79.64982916,103.6298501,1,1,No
0.82894363,431,80,110.0800055,96.84071815,100.8559716,1,1,Yes
0.62813891,857,16,82.61100175,113.1563812,130.5451632,2,1,No
0.402479939,529,16,122.4142712,104.5029136,73.54281829,3,4,No
0.118431283,465,72,49.60538555,94.56565418,81.18539743,3,1,No
0.807606729,396,72,,102.4185949,97.14373123,2,2,No
0.481607012,299,80,86.43068027,104.6939431,86.39617998,2,4,No
0.441913884,98,54,91.63775968,116.7340858,125.5531059,3,4,No
0.614233317,558,42,89.50688382,94.37580023,99.81819568,2,1,No
0.991227251,941,83,100.2848608,102.4336216,106.1875516,1,4,No
0.655029567,758,62,105.6359631,92.74172011,98.90734463,3,2,No
0.807606729,396,72,85.56228351,102.4185949,97.14373123,2,2,No
0.513680735,298,38,105.8495106,120.822109,102.8293459,3,4,No
0.137607592,722,1,72.42312878,120.4841552,116.4004334,2,2,No
0.046375768,247,85,92.68039619,103.8757566,121.4210197,3,2,Yes
0.300260152,209,46,90.14957518,108.5000483,82.37295228,2,1,No
0.714120954,757,92,81.37314584,91.70991941,131.4217169,2,2,Yes
0.343785112,305,81,91.11156321,103.1377918,99.68259133,3,4,Yes
0.799807792,525,86,129.0020995,93.13240058,84.84584223,3,2,Yes
0.204760271,616,62,114.142562,97.90547112,165.1699551,3,1,No
0.020844258,494,93,81.28916813,105.8568185,80.75742109,2,2,Yes
0.363669222,851,8,71.98632777,91.96023876,109.951768,2,4,No
0.995048024,41,65,90.944893,92.3535606,140.6030213,2,3,Yes
0.460070919,548,65,95.28030654,105.6102415,104.2267675,2,3,Yes
0.842946957,872,65,108.1568179,102.231344,83.4708124,1,3,Yes
0.076136348,794,41,112.7364301,92.37349843,85.48980065,3,1,No
0.879161237,491,88,110.0090321,111.6681873,108.5662,1,4,Yes
0.054840465,425,18,119.204381,111.7721561,84.24208522,3,1,No
0.835598336,288,65,64.03563589,99.82619873,106.3987993,1,3,Yes
0.544978437,195,54,112.2521075,102.8398951,103.1035794,1,3,No
0.476000245,17,80,92.48346899,92.38315302,,2,1,Yes
0.949869461,166,10,133.4265573,107.4336744,95.73557981,1,2,No
0.646173931,376,80,124.8601041,118.1497781,113.8879107,2,4,No
0.295704591,428,32,121.6938075,92.38315302,112.167476,3,3,No
0.676871275,896,80,77.00011108,98.53532535,97.16121249,2,1,Yes
0.371255424,832,80,136.5810149,92.82247469,87.67851893,2,1,Yes
0.476000245,17,80,92.48346899,102.6948173,91.39246184,1,1,Yes
0.92440251,194,25,113.8749271,91.0343136,114.3053581,3,3,No
0.348314869,730,14,85.73088376,104.2604324,81.1547673,1,3,No
0.075096927,187,92,111.2558114,97.35998621,122.0342734,1,2,Yes
0.001225141,843,2,96.68465852,91.47319167,92.59096814,3,3,No
0.111715982,397,65,99.49925475,103.3831611,119.7507572,2,3,Yes
0.951066657,259,58,99.1729528,105.2015316,56.1165184,1,2,No
0.489576236,833,80,93.28289225,112.06361,95.21773293,3,2,No
0.941592626,882,65,111.8094367,75.48027478,112.8468411,2,3,Yes
0.346360368,508,2,132.8250743,103.2915252,132.9173555,3,1,No
0.644705639,761,87,100.7690515,111.5098444,97.47350299,2,4,No
0.284854023,70,55,106.6486289,95.08878787,110.8264747,3,3,No
0.723591081,281,46,100.1303832,94.58529922,120.325407,3,2,No
0.461035917,748,80,80.8034882,101.63745,116.4650161,1,1,Yes
0.713004463,658,60,88.46874409,104.7434586,86.83447267,3,3,Yes
0.521117208,968,16,88.04593898,94.6499297,90.7504789,2,4,No
0.187535052,462,80,136.363399,89.90204761,77.3760987,1,1,Yes
0.193171157,785,88,94.46946956,116.7277592,80.76109253,2,4,Yes
0.945547572,879,5,92.5804527,116.1966992,105.8270944,3,2,No
0.201748958,371,62,84.24156074,101.8366491,80.45487363,3,4,No
0.182168302,242,92,113.5985097,87.03884506,112.4952072,1,2,Yes
0.400676861,928,44,81.50310722,104.1141034,73.27573124,2,3,No
0.903416008,617,80,80.16096302,109.9425243,113.9839003,1,1,Yes
0.243096893,320,86,97.53345121,96.30481564,76.90808405,3,2,Yes
0.920174536,329,93,71.10556819,108.6931765,81.73936165,1,2,Yes
0.882180849,419,52,88.20535721,110.3469315,99.49648475,3,4,No
0.470251563,733,81,90.78063751,99.8653775,99.6011896,3,2,No
0.590942854,838,79,112.0633881,112.2294842,147.0523134,1,1,Yes
0.783524304,728,45,76.76859083,98.69889549,90.75000591,2,1,No
0.433239528,793,86,87.59504619,90.70366187,71.41243434,3,2,Yes
0.444376895,762,44,73.20541659,87.27730432,94.81097722,2,1,No
0.44166394,783,18,150.1404798,94.52318723,128.2809537,3,3,No
0.857192709,19,79,112.9778763,98.3782401,125.7614657,2,1,Yes
0.098168519,43,53,107.2980695,85.05529129,109.8410029,1,3,No
0.746450181,777,79,96.48678974,96.47253257,134.0993917,2,1,Yes
0.156203364,172,60,91.58886359,111.1621117,102.8762405,3,3,Yes
0.483398399,80,92,95.11565143,84.65580465,122.7390448,1,2,Yes
0.903376709,48,88,89.42263505,117.8713739,106.1169784,1,4,Yes
0.146977167,993,53,121.6736792,100.0076838,130.3035019,3,3,No
0.434604206,915,60,122.1087757,98.82456948,96.96869193,3,3,Yes
0.917489321,944,22,95.4696821,75.45927052,120.3658475,2,3,No
0.097152568,844,28,104.7316543,102.8613655,109.6280935,2,1,No
0.737668669,222,62,94.60239889,99.90417874,76.53834937,3,1,No
0.022756285,923,65,86.98757582,123.6561241,106.6508842,1,3,Yes
0.283296814,624,79,123.7075284,95.05824196,114.3150001,2,1,Yes
0.437666795,364,86,123.3028407,103.7623283,49.0321527,3,2,Yes
0.70686659,799,2,70.16567395,101.9694427,114.6269398,3,3,No
0.845038669,561,30,99.65564682,95.30300146,60.70238138,3,2,No
0.270294012,233,39,129.8155876,104.0702758,99.8617326,1,3,No
0.616528151,648,49,89.62264913,102.9938823,142.0284953,1,2,No
0.081658126,755,72,118.4184127,98.54147055,112.487125,3,4,No
0.638253286,862,49,92.94336584,91.9105934,118.6429881,3,4,No
0.887665086,183,93,122.5029001,87.08359987,73.00784694,2,2,Yes
0.244097912,978,5,86.67802992,97.62710347,107.5590712,2,2,No
0.548117627,634,18,114.3549146,91.16757756,117.1695675,2,4,No
0.241437294,387,13,86.02485068,80.53200774,172.5441398,2,1,No
0.727431843,604,5,57.60764935,100.5543245,73.99386306,3,4,No
0.445474485,541,81,88.01620789,101.2847496,93.07884665,3,4,Yes
0.278646214,52,92,127.6631691,95.73106664,133.6236876,1,2,Yes
0.692787551,935,80,95.91575356,95.06581029,84.59359472,1,1,Yes
0.128155163,574,57,112.9292352,97.33062442,96.27540641,2,2,No
0.234107492,814,27,100.4601827,98.82130347,76.443343,2,3,No
0.217039194,834,59,98.01613128,97.53770278,99.20396556,3,1,No
0.103728639,820,81,77.69900009,109.9499969,143.9519908,3,4,Yes
0.221415637,104,81,83.48699368,100.5588038,128.3033183,3,4,Yes
0.62540059,197,48,105.5088984,117.3216561,92.40268117,2,4,No
0.745544803,284,22,87.66982255,122.3591251,89.43135826,3,2,No
0.348246221,921,62,95.92226826,102.5904676,89.99548863,1,3,No
0.228594231,296,74,120.1676238,88.73972756,71.32737145,3,1,Yes
0.800514013,471,84,88.59556354,92.01723212,57.07911388,2,4,No
0.609018941,927,92,116.7404122,104.2045991,129.3847289,1,2,Yes
0.102521186,954,65,69.13459519,81.98012234,81.03392506,2,3,Yes
0.968418177,865,48,95.72174212,104.6947288,111.7138916,2,3,No
0.744163639,439,80,96.00878453,84.58755361,95.28725334,1,1,Yes
0.578137784,196,54,117.6863649,105.2636914,69.38300103,2,2,No
0.560422236,955,33,95.61878045,103.3933774,109.7863541,1,1,No
0.70658729,821,4,124.6300872,94.23652593,99.52129916,1,3,No
0.70077109,963,41,103.2224299,88.18026489,99.3788547,2,1,No
0.037966363,390,92,79.25673701,97.42450677,113.8027764,1,2,Yes
0.285764116,113,66,119.5429652,94.43931888,114.9243374,1,2,No
0.740079365,442,9,95.03146636,99.04378211,133.4637814,1,4,No
0.306538979,931,49,104.1600552,87.36072497,99.85630851,1,4,No
0.950820988,924,48,123.046048,103.7544081,95.82592896,3,1,No
0.609018941,927,92,116.7404122,104.2045991,129.3847289,1,2,
0.632778409,415,23,98.2261406,102.2590175,71.95119998,1,1,No
0.215874621,881,74,54.73533145,91.32443271,91.42479473,3,1,Yes
0.718514169,582,82,81.36962424,109.0622125,82.35935334,3,4,Yes
0.746967158,231,80,104.6820796,106.7360984,102.6007936,2,1,Yes
0.489814509,751,88,79.9061587,77.43338581,71.16947247,2,2,No
0.077680114,256,92,70.35776433,93.16992001,149.8722976,2,2,Yes
0.485495471,720,1,104.6585302,107.5376658,126.3743168,2,1,No
0.223908258,388,65,92.35071864,106.1939232,107.5371792,1,3,Yes
0.268182943,272,48,82.88180029,91.02517864,94.62007382,3,2,No
0.929634642,62,34,67.47327555,107.3156409,83.05283881,3,4,No
0.899973596,544,80,84.34406647,103.3770521,113.2754593,1,1,Yes
0.01750668,208,9,113.4148533,108.0811633,110.0561783,3,3,No
0.227592414,625,60,73.82682304,82.78028935,121.2022877,3,3,Yes
0.639390664,812,8,100.777048,86.18997764,93.77437822,1,4,No
0.1189169,144,60,90.84614958,107.2455027,102.9288987,3,3,Yes
0.948874991,800,34,56.91870478,74.74741543,94.92339697,1,2,No
0.144354447,9,42,79.31455063,97.40118033,78.50646147,1,1,No
0.482894861,655,81,85.12634681,112.5891621,104.2853153,3,4,Yes
0.290386736,105,88,82.39429705,96.82672815,125.4315376,1,4,Yes
0.837801726,660,81,127.6432644,92.64479758,98.05514152,3,4,Yes
0.659322706,705,27,93.67574478,101.9202298,117.4509664,2,2,No
0.914829116,280,93,98.37929005,96.96697723,76.26973887,1,2,Yes
0.508693635,454,79,109.0330362,92.7541199,124.7604446,2,1,Yes
0.266651074,712,55,114.5831739,91.77533546,85.70228144,3,3,No
0.250237388,46,19,107.5901149,87.91663016,122.1541802,3,1,No
0.363976224,815,55,77.4666105,89.20179928,84.53910754,2,3,No
0.797911492,367,92,79.39533761,94.7009006,115.1788376,2,2,Yes
0.64518852,767,35,115.3062038,105.9267071,75.19061894,2,3,No
0.686932676,479,81,93.24211823,108.7066627,110.1829006,3,4,Yes
0.022853985,141,63,101.1211088,87.70386034,117.6781559,3,2,No
0.126129363,693,80,103.0135453,86.58222924,69.53376531,2,1,Yes
0.515777378,718,77,98.14966037,84.2348114,99.79866988,3,4,No
0.943686833,357,29,96.96522323,102.8360181,104.7856021,2,1,No
0.801274745,875,34,133.8946635,105.3395675,90.33291737,1,3,No
0.476162325,252,79,83.85966038,86.36248475,110.8471409,2,1,Yes
0.963021071,445,92,114.2375319,104.4609854,139.9407679,2,2,Yes
0.917463132,102,34,91.60822135,114.8617036,104.1536206,2,3,No
0.012222872,600,18,90.24452612,109.5234175,123.3471888,1,4,No
0.423394441,671,80,106.1130127,102.3813186,93.40801931,2,1,Yes
0.652766381,900,12,104.1060598,105.9628557,113.6162542,2,1,No
0.683013178,379,82,80.69223153,102.9254586,74.67365277,3,4,Yes
0.265714115,125,14,93.80107698,95.22043506,114.1946583,3,2,No
0.268903124,211,48,101.7235342,87.62102969,110.2688197,1,4,No
0.801342768,447,18,105.9000372,104.2681687,54.57362995,3,2,No
0.759159009,510,28,126.1653198,93.49884742,87.98386127,3,3,No
0.553141218,309,80,103.6970951,119.0872405,107.2202127,2,1,Yes
0.194571261,244,55,110.0071726,110.6769931,149.4467203,3,4,No
0.55130209,806,65,103.8805889,112.0110167,133.4597497,1,3,Yes
0.219900128,120,68,85.56227794,111.9108143,95.9716024,2,1,No
0.974598621,441,7,118.101249,109.5193655,107.3707073,3,3,No
0.318087288,670,49,114.798646,93.48883157,54.85463932,1,3,No
0.458138614,165,88,86.88757075,106.6893263,95.55979966,2,4,Yes
0.26271593,970,12,57.46321326,104.9790894,100.5280146,2,2,No
0.734014342,135,79,84.6746399,87.14461217,124.5358699,1,1,Yes
0.496681638,127,65,109.7446432,89.67105476,138.5473255,1,3,Yes
0.508506963,8,55,92.1617229,111.7654021,112.2239802,1,1,No
0.141238353,311,80,116.0347608,113.029899,118.9841134,2,1,Yes
0.263159403,101,44,131.5024077,106.5461545,109.8030349,1,4,No
0.15560931,729,88,85.58348492,106.1123531,92.08460808,2,4,Yes
0.989449837,38,51,65.25918125,98.8748043,86.52544178,2,3,No
0.573317548,700,12,75.4853782,92.61947424,108.0423921,3,2,No
0.569957552,71,46,87.63602833,,114.6001775,2,4,No
0.155476954,747,30,101.3526393,98.46945124,73.08420955,1,4,No
0.495037554,35,17,113.1199934,101.1092512,75.30231632,2,4,No
0.967609242,270,41,118.5137949,96.81729627,127.2798115,3,4,No
0.705150472,251,51,112.2059189,101.9365276,116.0347362,2,3,No
0.210795824,47,24,88.10845571,99.41904421,89.83880804,3,1,No
0.149568617,859,19,71.81758969,100.2809694,102.2693672,1,2,No
0.84369196,739,38,121.8713508,107.835907,114.6001775,2,4,No
0.029836036,330,83,113.0237965,104.8803362,86.11663572,1,4,No
0.569957552,71,46,87.63602833,108.1085324,85.16860071,3,2,No
0.312646804,554,28,56.72643095,92.31284639,117.2177177,3,2,No
0.52181579,274,10,116.2051523,95.81761984,114.0438889,3,2,No
0.811816278,842,43,115.8488571,89.61652905,138.311966,3,1,No
0.679821312,979,79,143.8070826,106.3239601,122.020558,1,1,Yes
0.606691252,951,65,92.27626092,83.69236521,78.03294027,2,3,Yes
0.19059008,373,88,103.2401042,106.61584,90.70206847,2,4,Yes
0.435702233,727,18,124.5444495,94.49411538,130.8823582,2,4,No
0.087378984,133,65,96.53224252,96.26037495,76.08557046,2,3,Yes
0.968527976,241,60,70.36458943,104.6835089,93.4643859,3,3,Yes
0.727715172,952,65,96.48330289,93.04679747,98.31619045,2,3,Yes
0.198526866,134,53,98.32962285,100.5938109,115.5741047,2,3,No
0.844240023,974,38,97.81784409,111.0741675,94.94244328,2,4,No
0.104101927,429,65,76.14465414,93.97345443,108.9442729,1,3,Yes
0.52092431,504,55,103.4524605,99.76755611,128.0759255,1,2,No
0.330360014,202,45,85.4702501,111.5486787,84.48907863,1,1,No
0.973917347,708,14,79.53109778,100.4875962,53.46082223,2,3,No
0.897607447,501,66,71.92183381,106.8901076,66.868012,2,3,Yes
0.413255663,391,85,103.7075508,92.41019194,91.100293,3,2,Yes
0.5035131,713,65,97.61987153,95.60150259,88.37180867,2,3,Yes
0.861874742,424,35,126.1254999,102.2623872,90.11035352,3,2,No
0.361845965,239,38,48.59034661,107.0189746,82.67233951,2,4,No
0.294014329,795,92,110.8689295,98.5840232,121.5605208,1,2,Yes
0.318902865,173,23,89.06199119,99.90487827,73.71605989,2,2,No
0.432396714,381,33,140.9858744,87.25006628,125.4733721,1,4,No
0.579234441,505,22,88.15204937,106.6021446,113.0762836,3,1,No
0.169596174,674,65,95.24539906,115.9503864,100.4178602,1,3,Yes
0.735213896,470,26,113.4358321,91.82061858,95.36508541,1,4,No
0.369307743,84,12,56.90766195,70.92881491,110.7122015,1,2,No
0.583659444,536,16,83.95831157,101.7508802,117.8981463,2,3,No
0.121361956,163,48,143.5503382,97.50586632,121.1105841,3,1,No
0.982746595,873,4,46.60128721,114.4996363,71.80056052,2,2,No
0.031977515,601,54,98.68886709,125.3812758,123.3805805,1,4,No
0.634415808,514,60,118.0336224,98.52804145,131.5920746,3,3,Yes
0.225234015,816,45,88.04750683,108.4000402,90.87088496,1,2,No
0.204237066,143,77,100.1031836,105.2449218,100.0956146,3,2,No
0.430883,581,31,104.2805506,97.61164939,106.867088,2,2,No
0.894585273,402,81,65.11291145,105.453561,97.05480756,3,4,No
0.886451618,662,88,88.58975909,112.1675561,99.86145565,2,4,Yes
0.436093996,804,12,84.52197479,93.23293592,87.91034665,2,3,No
0.497260396,779,86,119.1471724,88.69783307,44.05861937,3,2,Yes
0.746284784,569,66,86.90220321,98.91228582,88.99686622,3,1,No
0.224466298,223,8,92.26027172,88.16059474,125.6750718,3,2,No
0.016243661,637,56,98.83673629,104.9088072,114.3900269,3,4,No
0.413811817,687,73,127.2639544,103.5572918,133.8596693,3,1,Yes
0.051321986,836,81,79.74938628,78.281154,87.93739852,3,4,Yes
0.015543923,89,49,105.5421334,97.28968823,112.9373963,2,4,No
0.923599727,668,73,62.21239864,97.98055543,112.045723,1,1,No
0.504370803,937,80,102.7097196,102.8467778,108.3242991,1,1,Yes
0.005319298,731,19,112.4033275,107.7383667,111.4792895,2,1,No
0.512374874,962,54,129.8158207,96.95590895,111.1647232,3,4,No
0.775287458,849,4,122.2064503,94.67305419,112.4178876,2,3,No
0.505199238,775,56,99.46358828,109.1463596,119.9772055,1,2,No
0.940042946,249,85,97.9282765,96.30706049,109.4866982,3,2,Yes
0.363349365,99,80,85.21625561,88.57300613,70.92465014,2,1,Yes
0.407782929,277,74,99.21774611,85.04469833,71.46352862,1,2,No
0.193165171,632,56,87.51321781,115.461282,104.0242329,1,4,No
0.316641007,607,81,57.43642184,113.5861283,88.2030026,1,4,No
0.663151967,257,80,138.3759366,110.5161483,112.9856511,1,1,Yes
0.064040247,553,61,109.2597706,92.25017384,70.1168102,1,3,No
0.881317112,809,38,97.92286888,103.6839047,95.77434809,1,3,No
0.507886096,940,34,152.2472591,104.4650216,68.16686514,3,3,No
0.432596357,567,60,116.6944294,106.4850719,107.7119541,3,3,Yes
0.418881449,996,61,129.4026635,105.4037907,87.55605965,3,2,No
0.03031665,819,18,129.3586686,95.48779959,104.7582439,1,1,No
0.982998491,26,7,111.5163715,98.31505149,123.3052926,1,2,No
0.526779237,495,66,87.64751401,112.6685491,77.59314255,2,3,Yes
0.038274716,828,34,116.5570977,91.861367,86.41816173,2,1,No
0.456191091,694,65,75.46380429,113.00593,122.0091321,2,3,Yes
0.319953367,681,34,86.14392774,94.86906416,128.1063994,1,3,No
0.483819582,214,60,85.44405211,107.3373551,86.72571576,3,3,Yes
0.095057095,676,53,86.82007041,107.2141766,95.79943674,2,3,No
0.070072256,410,52,86.10751429,93.68407938,83.15696087,1,3,No
0.490594286,215,47,92.01036137,95.8537947,114.1714076,1,2,No
0.933771629,335,92,83.3672664,112.1436343,115.0931378,2,2,Yes
0.366888536,513,60,146.4982724,101.0899078,136.030098,3,3,Yes
0.974550757,426,73,95.12069014,83.91188494,121.0385472,3,1,Yes
0.746740128,109,71,96.70897012,111.7631163,102.4023769,3,2,No
0.606177383,192,56,92.17885406,104.2302045,96.51715873,1,4,No
0.795824894,518,16,113.4407661,84.56255085,98.27463019,3,2,No
0.825340498,312,81,84.41393902,110.8229509,101.1741394,3,4,Yes
0.537752425,886,92,83.41775869,91.62927168,148.1284018,2,2,Yes
0.318275215,370,60,112.2564357,85.24114778,106.784924,3,3,Yes
0.731633203,220,80,89.88222274,103.8470332,90.89449635,2,4,No
0.345071276,560,77,89.13264319,108.2812434,114.635357,1,1,No
0.631751578,846,81,99.17823531,99.13871701,95.49296461,3,4,Yes
0.889002415,878,26,92.17880634,101.0721874,67.25648332,1,3,No
0.489779169,266,49,111.4722536,85.84924473,128.3332476,3,1,No
0.781710203,321,80,126.2074958,108.3094338,115.5916939,1,1,Yes
0.297362476,887,86,99.64954629,104.9092518,93.43342614,3,2,Yes
0.765595644,620,61,97.69718903,101.8849607,130.135676,3,1,No
0.78567284,154,63,110.083131,112.9812551,96.62748214,2,2,No
0.346097091,178,60,113.2269285,128.5950383,96.48873927,1,1,No
0.868832547,124,65,119.0011817,108.5672605,90.21907271,1,3,Yes
0.522885085,466,65,95.75352436,92.31580754,95.32702839,1,3,Yes
0.320267297,138,84,120.9455502,101.9858519,101.8841017,2,4,No
0.3408799,313,68,85.07220883,104.1094647,107.7140369,2,2,No
0.173122278,416,93,108.7205931,100.8918579,100.8783625,2,2,Yes
0.210797874,363,19,97.87080501,104.0255241,78.4914549,2,1,No
0.895577714,682,29,108.4133588,112.8680361,94.82251917,3,4,No
0.902558774,564,25,91.06771541,99.41313697,106.6359452,2,2,No
0.842118187,591,30,93.88255716,103.1290149,110.2320489,2,3,No
0.277897132,190,37,106.1000779,99.84788693,93.34575008,1,4,No
0.75606664,691,73,103.8813764,93.1331722,92.27922542,1,4,No
0.966251027,16,65,100.3562126,103.8248007,86.08794063,2,3,Yes
0.885094827,550,20,104.6215697,113.2484212,110.2672376,2,2,No
0.246291948,663,49,81.82940534,104.9825534,102.2891495,2,3,No
0.460891076,534,44,109.5958521,90.89258319,143.3595386,3,2,No
0.659103867,177,88,90.03014039,95.62513027,121.6596974,1,4,Yes
0.10143468,185,35,101.1146141,101.4435887,102.2526685,3,3,No
0.300566723,331,2,106.6969636,97.21304372,93.85869715,2,2,No
0.376771974,227,67,97.32105012,93.09866928,114.8743613,1,2,No
0.690837817,827,80,127.3713508,103.5734976,111.2251287,1,4,No
0.512557401,839,92,105.383124,106.4173177,133.6504699,2,2,Yes
0.819138909,904,3,56.17177135,88.91703002,96.14338728,3,1,No
0.175870411,572,40,80.40071612,116.0775585,94.01098349,3,2,No
0.050011776,991,30,84.58244428,98.42001087,88.00175655,3,1,No
0.125488331,422,88,114.5215235,110.5097425,107.1263062,2,4,Yes
0.085464598,546,31,71.32208515,101.3429664,117.5391579,1,4,No
0.38210843,7,65,104.5401682,108.4201565,104.4062563,2,3,No
0.59249604,11,7,120.2859938,103.4541368,90.56827189,2,3,No
0.619566933,552,61,105.7066065,103.4861975,59.64195681,3,3,Yes
0.126222324,672,50,110.4460737,99.59673272,100.2521234,2,4,No
0.384643153,745,40,105.5142856,99.48156441,62.08682761,3,2,No
0.615786388,603,74,79.21047345,91.62352994,98.48603325,3,1,Yes
0.132037598,287,60,109.1177255,92.77764496,98.68664627,2,2,No
0.672438787,850,60,130.5173334,94.24235329,77.07077762,3,3,Yes
0.693311861,689,6,132.093877,96.41462829,123.0306319,3,3,No
0.672342643,618,80,95.07575508,104.6095164,68.87349656,1,1,Yes
0.022250893,589,29,80.7822454,94.55384281,87.47371346,3,2,No
0.848359741,67,16,98.85788463,94.59619158,114.2934056,3,4,No
0.057255801,999,60,120.3512884,93.77154151,114.2516554,3,3,Yes
0.959071379,118,74,110.1976712,109.9128786,96.71791287,3,1,Yes
0.420944733,760,21,99.00365273,97.32850275,72.77187235,1,4,No
0.159770583,325,92,134.9526042,88.4801008,108.6773664,2,2,Yes
0.156008789,310,86,88.77023945,110.7154578,79.61013172,3,2,Yes
0.138550329,549,43,81.77978353,91.96565385,75.14654634,1,4,No
0.96352739,870,86,76.19664829,102.6919007,95.97696993,2,2,No
0.740238216,580,58,117.9904551,97.06000359,128.812916,1,2,No
0.443480571,743,88,96.10586879,83.88845914,76.37176899,2,4,Yes
0.708398271,742,40,128.2207485,110.4003294,85.37598469,2,1,No
0.160008948,407,65,128.3172975,106.729157,94.7417842,1,3,Yes
0.557891251,787,63,90.99176758,93.95345499,81.09924955,1,4,No
0.849271999,763,25,65.55163161,89.23078421,148.0145809,1,3,No
0.677522615,858,93,115.0194282,113.8623509,86.31523612,2,2,Yes
0.081144549,957,81,80.00815226,92.94532758,104.9994585,2,2,No
0.54949566,302,49,106.5604683,92.93064673,121.0338278,3,2,No
0.164187574,188,65,112.5857118,101.6142635,80.83568474,2,3,Yes
0.340191259,515,19,123.9284399,102.3402566,110.9507609,1,3,No
0.461485482,260,40,96.06869558,105.2206332,120.2784907,3,4,No
0.073257627,201,80,70.76412566,88.90264367,107.2609915,1,1,Yes
0.841999156,584,64,109.7472599,108.0530389,96.14239799,2,1,No
0.432609424,966,81,93.62504245,111.7793293,126.9995764,3,4,Yes
0.242736628,824,20,144.8317169,117.9077792,108.9362241,2,1,No
0.458093042,351,79,83.49423659,93.40046999,121.2977598,2,1,Yes
0.110378225,524,21,119.4140619,112.1013459,85.28897211,2,4,No
0.684204619,56,76,87.09276089,98.38474842,79.95705583,3,2,No
0.204010692,39,58,103.842346,88.89829459,93.43482374,3,3,No
0.668975127,77,44,79.59452653,100.1106956,98.43332131,2,3,No
0.425736174,28,27,80.19902714,108.4494863,96.28547323,1,3,No
0.900352633,79,63,154.9245853,77.67724907,112.0488069,2,4,No
0.374362535,68,80,113.601145,92.24315126,109.8760155,1,1,Yes
0.441195322,206,60,84.25104439,101.3459037,137.7316507,3,3,Yes
0.30864689,306,47,94.00602087,102.1411703,55.62637359,3,1,No
0.803008502,738,5,74.48747426,99.10009387,79.52161712,3,3,No
0.735935346,167,80,132.6130061,94.92467534,86.81560948,2,1,Yes
0.750327702,649,93,77.70504868,83.97763667,64.88013098,1,2,Yes
0.161761641,136,28,70.04576881,104.9802014,70.66169669,2,4,No
0.002756655,475,60,96.27225443,77.80137602,112.1961703,1,1,No
0.315745368,348,58,111.6453989,87.89884994,79.45524105,3,4,No
0.566663813,502,60,86.00046399,100.1340867,111.4212249,2,3,No
0.133678302,480,80,62.64646201,101.5569311,115.4800775,1,1,Yes
0.489787415,909,85,94.60705053,102.8531259,100.2720256,3,2,Yes
0.861382856,732,79,74.82551372,86.26659608,109.5085553,2,1,Yes
0.316689651,253,44,104.4124785,104.8934097,117.2735726,2,3,No
0.883133733,250,29,67.81225145,96.10784622,122.3718087,1,1,No
0.572129978,852,65,94.68396594,108.9614215,118.0273944,1,3,Yes
0.414709335,860,60,110.8812294,90.74898805,105.0559928,2,3,No
0.848232754,899,82,89.03305936,102.111698,120.457516,2,4,No
0.238051885,365,8,123.0263818,101.2923412,113.8098361,1,1,No
0.310034334,406,65,112.8939709,104.7427573,107.3606306,1,3,Yes
0.560685198,892,51,83.84387513,96.46360873,92.79820374,2,4,No
0.044009764,867,7,124.3806396,101.5432185,102.6114378,2,4,No
0.136805375,645,63,77.4245435,89.95804395,112.2726752,1,3,No
0.039838511,831,80,95.32397567,103.2903791,109.4110162,1,1,Yes
0.7566002,403,60,51.46222395,100.5511169,106.5114031,3,3,Yes
0.943862346,170,65,107.4348672,90.82303655,138.4133405,2,3,Yes
0.49004187,680,60,100.221632,101.3705708,112.342235,3,3,Yes
0.359496855,176,24,110.6439173,98.14071808,86.39503297,2,4,No
0.217904008,459,73,86.07886827,96.4323304,149.924611,3,1,Yes
0.34174523,382,92,86.22910861,86.11189974,111.8425483,2,2,Yes
0.308950133,543,58,94.15228726,88.44665868,135.7447785,2,3,No
0.125361856,988,26,105.3398198,106.0510666,105.3091613,1,2,No
0.004263094,855,92,62.86186865,112.9621698,117.1686465,2,2,Yes
0.642073132,854,54,101.9277194,98.61359172,97.90275087,1,4,No
0.735291882,706,88,143.8647421,95.87773954,117.1610923,1,4,Yes
0.488271418,100,20,73.32115289,123.8980003,129.4396901,2,3,No
0.292497345,235,65,84.75126749,121.8106661,102.97026,2,3,Yes
0.552763663,289,61,,,85.15456641,3,1,No
0.259601678,114,82,103.1072633,103.6731971,79.50453248,3,4,Yes
0.354011258,633,31,66.05914598,91.08115049,132.8960253,2,1,No
0.669162333,967,56,125.8449723,94.1146668,88.68996986,3,3,No
0.714865044,230,71,87.81222539,103.4070849,111.9665528,3,2,No
0.774306924,314,65,102.194994,93.38983164,70.11393139,1,3,Yes
0.345119511,181,80,106.3317345,107.4080993,107.4768874,1,1,Yes
0.399184881,792,60,138.1911205,91.65626896,101.9259278,3,3,Yes
0.552763663,289,61,92.15915621,102.9923461,85.15456641,3,1,No
0.907653212,644,78,104.9116487,104.2572957,83.42149109,1,4,No
0.29789468,149,49,96.0259551,101.7665745,129.3959183,2,3,No
0.857240447,389,65,81.71098194,99.14965123,93.16406456,2,3,Yes
0.380347853,290,79,111.7661724,97.22459227,116.8030671,1,1,Yes
0.917846266,822,80,129.9217437,104.5983261,65.18346688,2,1,Yes
0.616799031,992,23,102.1557371,103.4316575,87.24826931,3,2,No
0.523170752,877,43,88.37081726,88.25204726,88.85615429,2,4,No
0.762106192,477,16,96.61713227,110.2104906,92.23282144,2,1,No
0.954430039,573,10,72.01005056,109.5603947,132.4949068,1,3,No
0.745362388,656,88,101.8850304,80.20631364,111.2401286,1,4,Yes
0.535355477,203,81,52.49765001,90.09954474,84.82670487,3,4,Yes
0.954925208,768,19,64.28565742,114.037572,123.755117,3,4,No
0.419622375,916,31,132.8574784,82.0372826,106.7192651,2,1,No
0.504939405,238,57,89.14378006,106.3110111,76.40645579,1,3,No
0.25580319,27,92,133.1077066,104.051493,120.9586286,1,2,Yes
0.719697229,308,25,98.56261935,96.52450221,49.84846939,1,1,No
0.862767795,652,9,96.70986038,89.49637124,91.67263447,2,1,No
0.342673274,942,53,67.89336141,99.51692219,111.8488205,2,3,No
0.00106609,621,88,84.29478616,85.65029662,93.81460506,2,4,Yes
0.957089272,657,85,90.20638283,101.7319388,115.1979378,3,2,Yes
0.272442193,269,80,91.39931729,99.91949583,80.8328907,2,1,Yes
0.693589491,709,66,91.05138614,97.52466441,78.61742661,2,2,No
0.639424622,752,76,90.38576175,104.5337845,111.3231862,2,4,No
0.949598879,295,85,85.20434836,108.8334494,119.1640431,3,2,Yes
0.250818164,845,24,86.65688722,110.3557443,105.599702,2,2,No
0.846067426,146,59,118.4128433,98.19892544,73.37333135,3,4,No
0.031837559,586,88,82.48807497,94.06325121,118.0945448,1,4,Yes
0.709828932,437,92,126.8191693,83.31109493,117.6669629,1,2,Yes
0.693424858,307,24,90.18068383,104.2512406,90.37342086,2,2,No
0.918705984,780,17,94.68950331,108.2822108,89.05813298,1,2,No
0.40871128,945,66,,,135.1693172,2,1,Yes
0.259597134,333,34,97.75289859,99.413492,103.7562706,2,1,No
0.97424422,813,93,79.63958383,115.057383,87.22372543,2,2,Yes
0.674629707,932,24,85.226111,114.9718442,85.41919146,3,2,No
0.005102776,835,63,94.57927475,100.776327,111.9414802,2,1,No
0.125034978,157,29,140.3729067,104.5390305,82.25351215,1,1,No
0.965514975,507,85,173.2825408,111.6626543,124.7089102,3,2,Yes
0.40871128,945,66,93.31462565,97.26276037,90.12881011,1,4,No
0.451756174,629,1,92.10080195,89.99461085,97.29228958,2,1,No
0.811307319,164,65,68.83180412,100.0075896,77.62546519,2,3,Yes
0.317797379,667,49,103.8908585,108.4477704,99.58076829,3,2,No
0.047110491,451,65,93.91332598,91.26211515,91.48661787,2,3,Yes
0.901523247,66,80,79.25573205,112.6724587,124.736851,1,1,Yes
0.098650761,448,80,110.2297466,101.4455226,75.63057702,2,1,Yes
0.348494319,914,79,83.50915384,80.19900228,135.1693172,2,1,Yes
0.486266954,664,39,101.6767349,104.4654632,78.75495455,1,2,No
0.98076505,749,32,128.9411083,97.25785131,88.69819983,2,2,No
0.188917243,531,74,82.52821911,109.6384237,96.59799612,3,1,Yes
0.30839252,398,62,96.14067129,79.33497737,139.3520024,2,1,No
0.756546399,450,20,130.7760286,107.1000442,94.5256947,3,2,No
0.679332445,595,22,104.0267784,88.21287267,83.22122036,2,1,No
0.41238574,925,1,141.0425952,113.3588218,91.31055355,3,2,No
0.287700335,998,26,121.9064549,78.64690295,101.4990011,3,3,No
0.948011447,54,80,81.55537698,90.69889367,97.02690353,2,1,Yes
0.965578955,651,31,113.211629,102.3871274,81.90237741,2,4,No
0.169454259,354,45,146.48261,98.84825154,106.9790328,3,4,No
0.141316082,540,92,105.0747055,98.55536282,130.5570767,2,2,Yes
0.525638007,781,63,102.1127749,106.2506946,92.31519517,1,3,No
0.082457856,150,5,64.84102158,87.63241888,84.74365498,2,1,No
0.747284842,315,12,69.80779035,83.67069847,82.23645826,1,2,No
0.017380706,485,23,105.486158,118.2919966,96.02882218,2,2,No
0.90593278,950,29,121.3890098,83.71084563,101.8065298,3,4,No
0.252864693,570,88,99.68203559,115.8417289,104.0767926,1,4,Yes
0.075411221,989,2,62.39240693,89.08275675,88.76889673,1,4,No
0.583370635,986,13,85.78027201,92.84483672,90.2360567,1,3,No
0.556367072,711,88,83.32483885,97.97364021,65.21580585,2,4,Yes
0.247812759,93,17,77.30203512,95.24526849,102.4544526,1,4,No
0.326278557,575,76,95.3103348,93.46411836,78.12938193,3,2,No
0.801991282,110,65,77.20681327,95.44711572,111.5351793,2,3,Yes
0.108030093,198,46,67.46314505,100.3128302,88.61622406,1,1,No
0.847813495,339,80,104.5512445,103.1169775,96.76267759,1,1,Yes
0.680411055,160,20,119.2571561,100.6706946,65.04109861,1,1,No
0.842454891,960,66,90.44987724,113.957099,72.40684563,1,3,Yes
0.151766378,627,42,88.40955072,111.8542572,92.50320389,3,2,No
0.983161002,255,19,94.15601843,123.0806296,105.3645153,1,3,No
0.389311428,902,90,87.72727391,117.5135353,42.27959777,1,2,No
0.061639195,661,88,95.21735068,106.1197597,88.43730614,2,4,Yes
0.747284842,315,12,69.80779035,83.67069847,82.23645826,1,2,
0.520758434,246,28,78.66593081,110.5184077,111.0784536,1,4,No
0.17424176,328,12,95.06305508,105.9859448,108.0082866,2,2,No
0.659354059,24,33,129.540845,92.12162741,72.37703226,1,2,No
0.67926757,268,53,87.96763611,91.20086693,113.2602184,2,4,No
0.301199972,131,4,107.8373588,99.83817218,111.0848528,2,4,No
0.234522964,278,93,92.97667487,98.64137136,101.3321156,1,2,Yes
0.066378444,352,88,126.7058619,92.44197037,104.9071869,1,4,Yes
0.075375276,614,73,94.38858829,117.5545718,137.6645123,3,1,Yes
0.058993084,147,88,74.03205981,81.48540424,122.9497116,2,4,Yes
0.645219492,679,2,113.7242812,97.6195071,102.4971134,3,4,No
0.630699161,628,32,96.3452806,91.29465417,84.81261253,3,2,No
0.461663851,355,39,85.80748956,93.02524417,96.3568589,1,4,No
0.808161321,997,80,150.6956895,111.9887615,85.86354729,2,1,Yes
0.958088019,894,57,104.1285145,91.5325882,110.0802737,3,3,No
0.960179154,338,72,121.1085311,95.09554947,104.7811532,3,1,No
0.638241962,499,81,101.637611,97.60178301,118.0431521,3,4,Yes
0.504239453,293,58,95.30752801,97.49013516,102.3134457,1,3,No
0.364758736,759,65,98.41174596,101.0983454,100.7630124,1,3,Yes
0.507734122,340,12,62.33579998,92.24498992,93.70366556,2,1,No
0.016701395,976,65,100.5258397,108.7645407,111.9841191,1,3,Yes
0.773884325,576,69,88.99176552,94.08955846,89.41488442,3,2,No
0.437674586,503,42,141.3049796,100.565399,90.687831,1,3,No
0.652845097,710,80,88.41407945,97.36275458,89.31981296,2,1,Yes
0.796108936,599,79,123.1083489,109.9657864,119.8540501,1,2,No
0.464076821,347,2,113.6090937,83.46267061,104.1224911,1,3,No
0.983054613,975,5,69.29337314,109.4179077,111.6442027,2,2,No
0.114778915,126,28,92.43671384,103.4157814,84.35551244,3,2,No
0.056254042,990,56,100.6223605,98.09015003,126.8485419,1,4,No
0.194473295,948,60,84.11160975,118.7811884,106.9423282,3,3,Yes
0.000988993,537,80,72.29605807,98.65100391,89.75361583,1,1,Yes
0.771520151,400,61,130.6205854,117.5362464,72.85384667,1,1,No
0.443502222,4,93,101.0718413,101.4597725,100.4683095,2,2,Yes
0.653590761,372,67,139.5743417,100.5087382,69.38011409,2,1,No
0.151023879,460,65,102.7767557,111.4517798,112.9557703,1,3,Yes
0.875686001,861,6,97.52706923,101.249552,113.4265545,3,2,No
0.545087678,469,80,33.48191737,102.3103093,97.35961631,2,1,Yes
0.58188049,108,36,91.24713174,93.03728223,94.45839707,2,3,No
0.207789248,889,80,107.3121062,99.27197297,102.0307612,1,1,Yes
0.757627079,95,18,84.53736236,106.0971892,141.8914187,2,3,No
0.695337512,641,46,72.25553465,117.6716536,89.68002082,1,3,No
0.257063657,323,80,147.4138919,87.44533599,100.0408353,1,1,Yes
0.213850742,232,29,83.45815627,83.76541926,108.4264351,1,1,No
0.265428965,380,74,114.2631231,86.83758483,86.63390737,3,1,Yes
0.75600272,912,86,138.2638844,91.0466142,73.29702688,3,2,Yes
0.962136931,29,65,89.75231566,106.4519667,141.0827592,2,3,Yes
0.495211491,342,74,87.0741334,123.2676935,101.0064163,3,1,Yes
0.335518072,734,67,82.17819319,88.83202799,102.7250535,1,4,No
0.636145947,770,58,138.729936,84.25043595,73.31904291,1,2,No
0.067490226,803,73,74.66116758,116.0870869,129.4902715,3,1,Yes
0.047230231,721,25,84.89864628,84.86790095,96.5560518,1,4,No
0.802436074,92,85,100.1524759,105.3768446,112.6853212,3,2,Yes
0.843162291,263,42,116.5487897,93.29411388,100.4592065,3,4,No
0.432601736,49,71,88.18621311,116.0388643,103.5252337,2,4,No
0.912906754,500,88,120.6151502,86.09934693,89.08310201,2,4,Yes
0.86176459,44,65,51.69950796,58.54730111,60.51820437,2,3,Yes
0.535378992,286,35,88.71833465,79.23709873,123.5756211,1,4,No
0.199542937,961,45,96.98795347,96.98695666,62.95617977,3,3,No
0.272608338,427,26,92.540717,88.18427275,115.3353489,2,2,No
0.594873197,489,67,90.08072329,114.4258633,86.140575,3,4,No
0.633037854,317,77,137.3669077,98.26301894,87.22526474,1,4,No
0.012925112,129,46,133.4835583,96.44604138,86.11773347,1,4,No
0.851135143,622,65,114.6897687,92.65291582,111.15933,1,3,Yes
0.413571617,817,25,111.6690617,93.27223301,119.0101687,3,3,No
0.651390198,701,47,121.6248825,98.69430428,74.75057567,1,3,No
0.296015034,825,29,112.7450016,91.61766973,100.9545667,2,4,No
0.819469807,526,93,89.10571119,94.89606948,93.73461694,1,2,Yes
0.65619392,476,74,87.50831657,90.08488794,74.33315664,3,1,Yes
0.89513128,533,47,119.7459957,119.1046335,112.3412826,1,1,No
0.680597506,509,73,101.2279631,95.88523063,112.0732419,3,1,Yes
0.386747202,797,69,66.93302741,95.69960941,115.3685257,1,2,No
0.824075268,910,77,136.3466953,96.60797615,99.96954104,2,1,No
0.6361302,520,19,115.5279271,102.9124784,92.37923722,3,2,No
0.435107211,408,52,38.78754767,116.4918169,125.0025263,3,4,No
0.226234423,519,85,85.33211838,92.97577656,139.8641702,3,2,Yes
0.424721646,189,88,97.86140584,108.5911603,99.86760889,2,4,Yes
0.179052703,449,26,91.06149269,104.8846811,60.61123187,1,3,No
0.745685265,895,88,81.73325676,95.6129819,134.6336561,1,4,Yes
0.044614634,985,9,89.32006408,95.97596256,98.23716736,3,3,No
0.06620463,276,5,89.30661009,98.71708976,99.76389665,2,2,No
0.070395047,33,73,77.26951694,82.99944993,125.4883602,3,1,Yes
0.413023307,971,71,105.9714478,87.36748742,106.5517152,2,2,No
0.240069818,853,88,112.60533,100.2743409,87.98363112,2,4,No
0.34985603,826,65,100.2518501,93.34673498,88.15086763,2,3,Yes
0.69205715,754,24,60.1987941,112.2903308,101.8822342,2,1,No
0.124254024,635,81,99.52789867,94.57180405,110.7814975,3,4,Yes
0.231253043,983,63,,98.23750591,,2,3,Yes
0.464515821,457,12,126.8592528,92.55529087,109.7438203,2,4,No
0.14756134,841,49,99.12691885,105.455789,113.4644369,2,4,No
0.953945109,977,74,100.0059233,103.5028764,96.87603499,3,1,Yes
0.442554122,665,65,101.1584808,89.23415453,111.1869777,1,4,No
0.789162145,488,33,111.737241,96.47043186,85.47370017,2,2,No
0.669907542,322,60,86.41755545,103.1555992,137.1040771,3,3,Yes
0.15321043,956,55,146.3333418,98.23750591,103.2092373,2,1,No
0.06174736,484,55,92.65273389,88.29525666,95.71042159,2,1,No
0.583724593,796,41,92.453609,92.49535193,140.1600911,2,2,No
0.231253043,983,63,81.92521008,87.59759596,110.9066888,3,1,No
0.907041212,337,81,127.2677998,84.26949324,93.03027489,3,4,Yes
0.888973235,12,8,102.5285553,109.6696888,125.6032844,3,3,No
0.713250573,930,74,109.5579662,115.1305817,126.3921548,3,4,No
0.043682887,565,80,93.69823433,106.250103,100.5615017,2,1,Yes
0.115970475,210,85,83.58406008,79.72451035,124.6367074,3,2,Yes
0.99668521,175,67,95.59981157,97.55150136,129.203039,2,2,No
0.04430406,630,34,97.13286233,117.2449063,101.5042043,1,4,No
0.936492578,919,17,81.07606688,92.81724306,123.0878047,3,3,No
0.121291238,158,93,115.1857482,101.1496633,91.47168833,2,2,Yes
0.861901931,21,54,69.02317525,103.6400105,49.81990264,3,2,No
0.787838423,36,80,111.9914415,106.2575243,110.3341415,2,1,Yes
0.70055038,498,65,103.7368214,97.68297405,104.781466,3,4,No
0.350746157,527,34,102.0595059,83.97148642,86.24532972,3,3,No
0.695211083,234,65,104.6414108,111.4188395,96.51154379,2,3,Yes
0.327085105,982,74,116.6319208,113.1316562,83.1886714,3,1,Yes
0.991109367,2,28,88.68783476,86.69133425,128.3799916,1,2,No
0.226570757,452,80,68.85065142,106.2142358,115.7119699,2,1,Yes
0.867486671,669,80,75.0604639,91.73103628,57.34534891,1,1,Yes
0.401688372,594,80,99.43119894,96.43331087,55.91119683,1,1,Yes
0.957074465,37,85,88.55083112,95.97581186,118.0588863,3,2,No
0.636815855,393,34,96.4221917,98.22750893,95.26037259,2,1,No
0.387183085,300,5,124.060321,106.6025178,100.1367328,2,3,No
0.9930153,684,85,105.9076314,116.0320561,119.3019094,3,2,Yes
0.949894661,122,65,129.9664351,95.76767249,110.7243672,1,3,Yes
0.370522338,168,65,115.6075596,103.0135727,101.6168426,2,2,No
0.361473364,511,2,99.55729989,75.06279953,101.1478423,1,3,No
0.787838423,36,80,111.9914415,106.2575243,110.3341415,2,1,
0.451032039,981,13,72.55408417,111.3764192,93.54141963,2,2,No
0.210388898,486,36,101.5846744,93.19685586,53.68552772,3,1,No
0.664877936,264,85,76.06914566,97.0736997,83.24985338,2,4,No
0.293900422,180,71,114.6718716,106.0197614,90.69467731,3,1,No
0.94034936,418,10,68.66148375,106.1703546,71.75791101,3,1,No
0.462903995,605,31,114.0235311,111.6055839,108.8943008,1,4,No
0.162893233,562,65,116.7030362,99.4532466,80.72306687,1,3,Yes
0.753155295,659,12,113.3491219,114.4731859,101.5657772,3,1,No
0.570205981,412,80,112.0956784,95.34112341,91.10385148,1,1,Yes
0.834015092,516,55,74.57754143,113.001844,114.5189329,3,2,No
0.557121667,716,60,101.5053508,77.65982051,107.6560938,3,3,Yes
0.994872299,719,12,112.047415,89.84959363,81.10095313,2,2,No
0.793266137,874,71,78.35441224,115.1030776,120.4686983,1,1,No
0.859530677,920,80,78.91818984,80.50030303,87.98640894,1,1,Yes
0.943871799,897,5,133.0639889,84.46012536,108.8989324,1,1,No
0.656895629,401,65,150.665421,89.13903219,102.6799026,2,3,Yes
0.849784087,786,88,124.919901,110.8317553,81.48699807,1,4,Yes
0.310487753,724,24,113.2726053,114.696552,79.69982029,1,3,No
0.996737037,58,48,80.94962803,106.3025588,96.25748233,2,3,No
0.353685929,240,85,67.46672736,111.2280979,89.08602618,1,4,No
0.761452257,86,81,90.67123432,89.5638833,86.38418467,3,4,Yes
0.374249229,965,74,62.11775037,95.0504184,84.07694229,2,4,No
0.823331088,837,79,121.3920162,116.1570602,131.3832723,1,1,Yes
0.176853563,205,30,81.41411179,77.84237127,76.29286351,2,2,No
0.026225452,702,92,120.1842062,82.46557766,132.2585991,2,2,Yes
0.594242855,225,56,122.3290021,99.430185,113.2887586,1,3,No
0.798036729,467,8,104.7586955,126.3110635,99.32586687,1,1,No
0.095315124,598,65,76.81390329,88.48760552,97.91723838,2,3,Yes
0.559849603,847,93,94.01292355,107.9943727,86.82420605,2,2,Yes
0.448571041,868,60,98.19445357,94.19122048,75.88332481,3,3,Yes
0.447416748,374,49,101.8051589,116.5310626,106.7305167,2,4,No
0.204412618,394,81,111.0257141,93.40602817,80.99028054,3,4,Yes
0.142179609,174,60,92.77751204,101.0364492,99.01180073,3,3,Yes
0.794869969,103,52,65.64282279,76.75852253,113.5163748,3,3,No
0.577984634,636,65,120.4946348,120.355508,103.595199,2,3,Yes
0.770367612,30,85,69.53731478,82.61246511,120.2912622,3,2,Yes
0.557061345,159,93,95.8067128,92.91202985,87.67209364,2,2,Yes
0.103483925,626,36,137.2128229,108.4570164,133.6240548,3,1,No
0.989879183,539,92,111.2730416,84.02775136,122.1968428,1,2,Yes
0.766760626,585,13,77.90980281,81.71882305,116.2701676,3,3,No
0.991866772,704,45,125.7018715,101.9967219,58.30095817,1,2,No
0.225365693,943,9,80.42128326,97.10285708,91.440331,2,1,No
0.350290344,53,35,70.95902236,91.05610686,83.54544289,2,2,No
0.520290292,535,59,116.3087415,97.67504843,107.035628,1,1,No
0.09526774,262,2,69.04580099,104.2146142,83.07660209,1,3,No
0.106995483,646,92,108.3393848,102.1765619,121.3259062,1,2,Yes
0.194615812,807,37,93.7078384,114.396699,115.0832449,2,4,No
0.948195462,823,78,75.80609176,80.41630602,101.5804487,1,4,No
0.948386516,261,85,92.50877794,106.551167,106.5479672,3,2,Yes
0.101952763,443,65,83.03044607,107.6538483,92.02624326,1,3,Yes
0.954806658,395,27,86.0706438,104.9150315,137.6061546,1,2,No
0.994221697,409,4,89.9994371,104.9729116,129.9878939,1,1,No
0.821619555,741,80,77.12083796,103.721079,78.25048078,2,1,Yes