Random,Machine nbr,lifetime,broken,pressureInd,moistureInd,temperatureInd,team,provider
0.437419913,723,60,Yes,77.83610485,112.8325443,121.78637109999998,3,3
0.6883446459999999,107,88,Yes,89.35061975,95.22812545,99.08231665,1,4
0.8056697559999999,153,30,No,130.08947690000002,96.36774655,103.6083438,1,3
0.923186705,140,79,Yes,87.42199024,110.9415742,129.69151019999998,2,1
0.036582505,359,2,No,69.93989757,86.29238721,91.86198316,3,3
0.7169073890000001,10,81,Yes,97.50182643,92.22803866,80.80015925,3,4
0.264124107,20,11,No,166.7858975,97.24421296,89.58568737,2,2
0.650042735,542,62,No,94.41582296,95.07311709999999,107.6967466,3,2
0.6361119479999999,156,27,No,102.67665749999999,88.96320258,102.9798574,3,4
0.9068254379999999,324,52,No,93.09981147,103.4661907,71.49777571,2,3
0.575801777,453,41,No,93.7971681,92.23087548,117.87757320000001,1,2
0.046901975,301,80,Yes,104.3627063,88.17677958,80.27367989,2,1
0.09713066,87,77,No,113.09087770000001,109.36980929999999,95.60612507,1,4
0.507772902,128,65,Yes,86.36611059,92.56197159,96.66794972,1,3
0.5991683329999999,327,88,Yes,99.20956467,102.7426686,76.15820848,2,4
0.647132194,789,82,Yes,96.84048235,117.82895149999999,73.47330364,3,4
0.575834576,184,14,No,90.57959798,96.70531603,136.13213159999998,1,2
0.20548528300000002,436,46,No,94.23091985,107.9583453,110.6577848,3,2
0.398613874,332,74,Yes,82.87927937,99.50867566,84.82289168,3,1
0.079509946,784,61,No,137.1074186,89.75347336,83.12919201,1,1
0.20831100600000002,744,65,Yes,111.9591844,117.9394084,98.52943386,1,3
0.793356445,907,65,Yes,86.49978354,86.63641816,92.64598661,2,3
0.609403632,6,60,Yes,89.23363155,96.99857983,124.48475800000001,3,3
0.713725756,421,65,Yes,57.19314091,102.1576218,106.4484335,2,3
0.400468626,81,16,No,90.63682861,101.8016105,130.05598510000002,2,4
0.24875029999999998,404,72,No,105.00346529999999,113.9079658,92.92996339,1,2
0.281803903,678,22,No,89.22954094,114.83032560000001,117.89255630000001,2,1
0.643276347,217,93,Yes,93.66493104,114.64822009999999,104.03890859999998,2,2
0.13168190400000002,490,79,Yes,108.8375233,94.49523742,120.4209254,2,1
0.606913798,318,86,Yes,94.40646126,108.49360779999999,72.02537441,3,2
0.039574422000000005,76,18,No,105.6715844,114.5880459,120.043249,3,2
0.208998077,350,41,No,61.94270337,81.57661877,127.59782949999999,3,2
0.593787865,690,11,No,94.60611059,113.9721223,68.80841240000001,3,1
0.041405921,695,56,No,112.45110829999999,94.6896782,62.71681205,1,2
0.631214933,111,63,No,90.16256001,91.43521609,110.7019087,1,2
0.660649753,25,12,No,104.46226709999999,100.0798604,78.32082733,3,2
0.524967469,608,44,No,124.3589233,97.19907991,46.85704695,1,3
0.21564845600000002,750,88,Yes,84.17942039,114.0740657,83.62744989,2,4
0.038161822000000005,753,10,No,114.68432379999999,112.8651383,76.55626608,1,3
0.773610007,5,86,Yes,85.54546864,103.56038050000001,95.46044467,3,2
0.35801544799999996,579,68,No,118.0070529,84.5964103,109.63601799999999,1,2
0.932723167,949,74,Yes,82.89800458,89.93110271,77.27328413,3,1
0.46630192,368,65,Yes,107.2584217,108.28277539999999,93.91395318,2,3
0.577993851,707,93,Yes,96.00625928,91.51747606,95.30945357,1,2
0.9901416940000001,221,30,No,106.83126329999999,101.2135811,79.91117353,1,3
0.936691967,737,47,No,97.56399942,97.82876698,79.98840239,1,1
0.280669627,939,60,Yes,89.95337574,88.1673482,116.5434247,3,3
0.256223777,697,4,No,85.29060065,73.29862984,108.4834019,3,2
0.881304229,362,74,Yes,109.8195707,90.71151167,66.85327645,3,1
0.23197519800000002,938,44,No,98.4683561,100.2308122,117.3528031,2,2
0.591084091,386,80,Yes,133.7792866,103.1399645,104.1215429,1,1
0.942917337,866,39,No,87.39284133,106.16623390000001,84.52171258,2,4
0.33383875399999996,73,93,Yes,87.73855425,100.04359140000001,104.753569,1,2
0.600389602,243,39,No,99.94713693,88.07971633,100.81534920000001,1,3
0.011242163000000001,638,93,Yes,129.5853061,93.69210818,84.91572472,1,2
0.908286155,45,65,Yes,58.16388876,83.21343527,84.04405964,2,3
0.41756162,430,58,No,96.57340584,108.54987690000002,112.95623640000001,2,4
0.84296016,161,80,Yes,109.27961609999998,102.9387744,113.5224963,1,1
0.48734499,568,12,No,53.45018161,79.64982916,103.6298501,1,1
0.82894363,431,80,Yes,110.0800055,96.84071815,100.85597159999999,1,1
0.62813891,857,16,No,82.61100175,113.1563812,130.5451632,2,1
0.402479939,529,16,No,122.4142712,104.5029136,73.54281829,3,4
0.11843128300000001,465,72,No,49.60538555,94.56565418,81.18539743,3,1
0.48160701200000006,299,80,No,86.43068027,104.6939431,86.39617998,2,4
0.441913884,98,54,No,91.63775968,116.7340858,125.5531059,3,4
0.6142333170000001,558,42,No,89.50688382,94.37580023,99.81819568,2,1
0.991227251,941,83,No,100.2848608,102.4336216,106.18755159999998,1,4
0.655029567,758,62,No,105.63596310000001,92.74172011,98.90734463,3,2
0.8076067290000001,396,72,No,85.56228351,102.4185949,97.14373123,2,2
0.513680735,298,38,No,105.84951059999999,120.82210900000001,102.8293459,3,4
0.137607592,722,1,No,72.42312878,120.48415520000002,116.4004334,2,2
0.046375768,247,85,Yes,92.68039619,103.8757566,121.42101969999999,3,2
0.300260152,209,46,No,90.14957518,108.5000483,82.37295228,2,1
0.7141209540000001,757,92,Yes,81.37314584,91.70991941,131.4217169,2,2
0.343785112,305,81,Yes,91.11156321,103.13779179999999,99.68259133,3,4
0.7998077920000001,525,86,Yes,129.0020995,93.13240058,84.84584223,3,2
0.20476027100000002,616,62,No,114.14256200000001,97.90547112,165.1699551,3,1
0.020844258,494,93,Yes,81.28916813,105.8568185,80.75742109,2,2
0.363669222,851,8,No,71.98632777,91.96023876,109.95176799999999,2,4
0.995048024,41,65,Yes,90.94489300000001,92.3535606,140.60302130000002,2,3
0.46007091899999997,548,65,Yes,95.28030654,105.6102415,104.22676750000001,2,3
0.842946957,872,65,Yes,108.15681790000001,102.23134399999999,83.4708124,1,3
0.07613634799999999,794,41,No,112.73643009999999,92.37349843,85.48980065,3,1
0.879161237,491,88,Yes,110.0090321,111.66818729999999,108.5662,1,4
0.054840465,425,18,No,119.20438100000001,111.7721561,84.24208522,3,1
0.8355983359999999,288,65,Yes,64.03563589,99.82619873,106.39879930000001,1,3
0.544978437,195,54,No,112.2521075,102.83989509999999,103.10357940000002,1,3
0.9498694609999999,166,10,No,133.42655729999998,107.4336744,95.73557981,1,2
0.646173931,376,80,No,124.8601041,118.14977809999999,113.8879107,2,4
0.295704591,428,32,No,121.69380749999999,92.38315302,112.16747600000001,3,3
0.676871275,896,80,Yes,77.00011108,98.53532535,97.16121249,2,1
0.371255424,832,80,Yes,136.58101489999999,92.82247469,87.67851893,2,1
0.476000245,17,80,Yes,92.48346899,102.6948173,91.39246184,1,1
0.92440251,194,25,No,113.8749271,91.03431359999999,114.3053581,3,3
0.34831486899999997,730,14,No,85.73088376,104.2604324,81.15476729999999,1,3
0.07509692700000001,187,92,Yes,111.2558114,97.35998621,122.03427340000002,1,2
0.0012251410000000001,843,2,No,96.68465852,91.47319167,92.59096814,3,3
0.11171598199999999,397,65,Yes,99.49925475,103.3831611,119.7507572,2,3
0.951066657,259,58,No,99.17295279999999,105.20153159999998,56.116518400000004,1,2
0.489576236,833,80,No,93.28289225,112.06361000000001,95.21773293,3,2
0.9415926259999999,882,65,Yes,111.8094367,75.48027478,112.84684109999999,2,3
0.346360368,508,2,No,132.8250743,103.2915252,132.91735549999999,3,1
0.644705639,761,87,No,100.7690515,111.50984440000002,97.47350299,2,4
0.284854023,70,55,No,106.6486289,95.08878787,110.82647469999999,3,3
0.7235910809999999,281,46,No,100.13038320000001,94.58529922,120.32540700000001,3,2
0.461035917,748,80,Yes,80.8034882,101.63745,116.46501609999999,1,1
0.713004463,658,60,Yes,88.46874409,104.74345859999998,86.83447267,3,3
0.5211172079999999,968,16,No,88.04593898,94.6499297,90.7504789,2,4
0.18753505199999998,462,80,Yes,136.363399,89.90204761,77.37609870000001,1,1
0.19317115699999998,785,88,Yes,94.46946956,116.7277592,80.76109253,2,4
0.9455475720000001,879,5,No,92.5804527,116.19669920000001,105.82709440000001,3,2
0.201748958,371,62,No,84.24156074,101.83664909999999,80.45487363,3,4
0.182168302,242,92,Yes,113.59850970000001,87.03884506,112.4952072,1,2
0.400676861,928,44,No,81.50310722,104.1141034,73.27573124,2,3
0.903416008,617,80,Yes,80.16096302,109.9425243,113.9839003,1,1
0.243096893,320,86,Yes,97.53345121,96.30481564,76.90808405,3,2
0.920174536,329,93,Yes,71.10556819,108.69317649999999,81.73936165,1,2
0.882180849,419,52,No,88.20535721,110.3469315,99.49648475,3,4
0.470251563,733,81,No,90.78063751,99.86537750000001,99.6011896,3,2
0.590942854,838,79,Yes,112.06338810000001,112.2294842,147.0523134,1,1
0.7835243040000001,728,45,No,76.76859083,98.69889549,90.75000591,2,1
0.433239528,793,86,Yes,87.59504619,90.70366187,71.41243434,3,2
0.444376895,762,44,No,73.20541659,87.27730432,94.81097722,2,1
0.44166394,783,18,No,150.1404798,94.52318723,128.2809537,3,3
0.8571927090000001,19,79,Yes,112.9778763,98.3782401,125.76146570000002,2,1
0.09816851900000001,43,53,No,107.29806950000001,85.05529129,109.8410029,1,3
0.7464501809999999,777,79,Yes,96.48678974,96.47253257,134.0993917,2,1
0.156203364,172,60,Yes,91.58886359,111.16211170000001,102.87624050000001,3,3
0.483398399,80,92,Yes,95.11565143,84.65580465,122.73904479999999,1,2
0.9033767090000001,48,88,Yes,89.42263505,117.87137390000001,106.1169784,1,4
0.146977167,993,53,No,121.67367920000001,100.0076838,130.30350190000001,3,3
0.434604206,915,60,Yes,122.1087757,98.82456948,96.96869193,3,3
0.9174893209999999,944,22,No,95.4696821,75.45927052,120.36584750000002,2,3
0.09715256800000001,844,28,No,104.73165429999999,102.8613655,109.6280935,2,1
0.737668669,222,62,No,94.60239889,99.90417874,76.53834937,3,1
0.022756285,923,65,Yes,86.98757582,123.65612409999999,106.6508842,1,3
0.283296814,624,79,Yes,123.7075284,95.05824196,114.31500009999999,2,1
0.437666795,364,86,Yes,123.30284070000002,103.7623283,49.0321527,3,2
0.70686659,799,2,No,70.16567395,101.9694427,114.6269398,3,3
0.845038669,561,30,No,99.65564682,95.30300146,60.70238138,3,2
0.270294012,233,39,No,129.8155876,104.07027579999999,99.86173259999998,1,3
0.616528151,648,49,No,89.62264913,102.9938823,142.02849530000003,1,2
0.081658126,755,72,No,118.4184127,98.54147055,112.487125,3,4
0.638253286,862,49,No,92.94336584,91.9105934,118.64298810000001,3,4
0.8876650859999999,183,93,Yes,122.50290009999999,87.08359987,73.00784694,2,2
0.244097912,978,5,No,86.67802992,97.62710347,107.5590712,2,2
0.548117627,634,18,No,114.3549146,91.16757756,117.1695675,2,4
0.241437294,387,13,No,86.02485068,80.53200774,172.5441398,2,1
0.727431843,604,5,No,57.60764935,100.55432449999999,73.99386306,3,4
0.445474485,541,81,Yes,88.01620789,101.2847496,93.07884665,3,4
0.278646214,52,92,Yes,127.66316909999999,95.73106664,133.62368759999998,1,2
0.6927875509999999,935,80,Yes,95.91575356,95.06581029,84.59359472,1,1
0.12815516300000002,574,57,No,112.9292352,97.33062442,96.27540641,2,2
0.234107492,814,27,No,100.4601827,98.82130347,76.443343,2,3
0.217039194,834,59,No,98.01613128,97.53770278,99.20396556,3,1
0.103728639,820,81,Yes,77.69900009,109.9499969,143.9519908,3,4
0.221415637,104,81,Yes,83.48699368,100.55880379999999,128.3033183,3,4
0.62540059,197,48,No,105.50889840000002,117.3216561,92.40268117,2,4
0.7455448029999999,284,22,No,87.66982255,122.3591251,89.43135826,3,2
0.348246221,921,62,No,95.92226826,102.5904676,89.99548863,1,3
0.228594231,296,74,Yes,120.16762379999999,88.73972756,71.32737145,3,1
0.800514013,471,84,No,88.59556354,92.01723212,57.07911388,2,4
0.609018941,927,92,Yes,116.7404122,104.2045991,129.3847289,1,2
0.102521186,954,65,Yes,69.13459519,81.98012234,81.03392506,2,3
0.968418177,865,48,No,95.72174212,104.6947288,111.7138916,2,3
0.744163639,439,80,Yes,96.00878453,84.58755361,95.28725334,1,1
0.5781377839999999,196,54,No,117.6863649,105.26369140000001,69.38300103,2,2
0.560422236,955,33,No,95.61878045,103.3933774,109.7863541,1,1
0.70658729,821,4,No,124.63008719999999,94.23652593,99.52129916,1,3
0.70077109,963,41,No,103.22242990000001,88.18026489,99.3788547,2,1
0.037966362999999996,390,92,Yes,79.25673701,97.42450677,113.8027764,1,2
0.285764116,113,66,No,119.5429652,94.43931888,114.92433740000001,1,2
0.740079365,442,9,No,95.03146636,99.04378211,133.4637814,1,4
0.306538979,931,49,No,104.1600552,87.36072497,99.85630851,1,4
0.9508209879999999,924,48,No,123.046048,103.75440809999999,95.82592896,3,1
0.6327784089999999,415,23,No,98.2261406,102.2590175,71.95119998,1,1
0.21587462100000002,881,74,Yes,54.73533145,91.32443271,91.42479473,3,1
0.7185141690000001,582,82,Yes,81.36962424,109.0622125,82.35935334,3,4
0.746967158,231,80,Yes,104.6820796,106.73609840000002,102.6007936,2,1
0.489814509,751,88,No,79.9061587,77.43338581,71.16947247,2,2
0.07768011400000001,256,92,Yes,70.35776433,93.16992001,149.8722976,2,2
0.485495471,720,1,No,104.6585302,107.5376658,126.3743168,2,1
0.223908258,388,65,Yes,92.35071864,106.19392320000001,107.53717920000001,1,3
0.268182943,272,48,No,82.88180029,91.02517864,94.62007382,3,2
0.929634642,62,34,No,67.47327555,107.3156409,83.05283881,3,4
0.8999735959999999,544,80,Yes,84.34406647,103.3770521,113.2754593,1,1
0.01750668,208,9,No,113.4148533,108.08116329999999,110.0561783,3,3
0.227592414,625,60,Yes,73.82682304,82.78028935,121.20228770000001,3,3
0.639390664,812,8,No,100.777048,86.18997764,93.77437822,1,4
0.11891689999999999,144,60,Yes,90.84614958,107.2455027,102.9288987,3,3
0.948874991,800,34,No,56.91870478,74.74741543,94.92339697,1,2
0.144354447,9,42,No,79.31455063,97.40118033,78.50646147,1,1
0.482894861,655,81,Yes,85.12634681,112.58916210000001,104.2853153,3,4
0.29038673600000003,105,88,Yes,82.39429705,96.82672815,125.4315376,1,4
0.8378017259999999,660,81,Yes,127.6432644,92.64479758,98.05514152,3,4
0.659322706,705,27,No,93.67574478,101.9202298,117.45096640000001,2,2
0.9148291159999999,280,93,Yes,98.37929005,96.96697723,76.26973887,1,2
0.508693635,454,79,Yes,109.0330362,92.7541199,124.7604446,2,1
0.266651074,712,55,No,114.5831739,91.77533546,85.70228144,3,3
0.250237388,46,19,No,107.5901149,87.91663016,122.15418020000001,3,1
0.36397622399999996,815,55,No,77.4666105,89.20179928,84.53910754,2,3
0.797911492,367,92,Yes,79.39533761,94.7009006,115.1788376,2,2
0.64518852,767,35,No,115.30620379999999,105.9267071,75.19061894,2,3
0.686932676,479,81,Yes,93.24211823,108.70666270000001,110.18290060000001,3,4
0.022853985,141,63,No,101.1211088,87.70386034,117.67815590000001,3,2
0.126129363,693,80,Yes,103.0135453,86.58222924,69.53376531,2,1
0.515777378,718,77,No,98.14966037,84.23481140000001,99.79866988,3,4
0.943686833,357,29,No,96.96522323,102.8360181,104.78560209999999,2,1
0.801274745,875,34,No,133.8946635,105.3395675,90.33291737,1,3
0.476162325,252,79,Yes,83.85966038,86.36248475,110.8471409,2,1
0.9630210709999999,445,92,Yes,114.23753190000001,104.4609854,139.9407679,2,2
0.9174631320000001,102,34,No,91.60822135,114.86170359999998,104.15362059999998,2,3
0.012222872,600,18,No,90.24452612,109.52341750000001,123.3471888,1,4
0.423394441,671,80,Yes,106.11301270000001,102.3813186,93.40801931,2,1
0.6527663810000001,900,12,No,104.1060598,105.9628557,113.61625420000001,2,1
0.6830131779999999,379,82,Yes,80.69223153,102.92545859999998,74.67365277,3,4
0.265714115,125,14,No,93.80107698,95.22043506,114.19465829999999,3,2
0.268903124,211,48,No,101.7235342,87.62102969,110.2688197,1,4
0.8013427679999999,447,18,No,105.9000372,104.2681687,54.57362995,3,2
0.7591590090000001,510,28,No,126.16531979999999,93.49884742,87.98386127,3,3
0.5531412179999999,309,80,Yes,103.69709509999998,119.08724050000001,107.2202127,2,1
0.19457126100000002,244,55,No,110.0071726,110.67699309999999,149.4467203,3,4
0.55130209,806,65,Yes,103.8805889,112.01101670000001,133.4597497,1,3
0.219900128,120,68,No,85.56227794,111.9108143,95.97160240000001,2,1
0.9745986209999999,441,7,No,118.101249,109.5193655,107.37070729999999,3,3
0.318087288,670,49,No,114.79864599999999,93.48883157,54.85463932,1,3
0.458138614,165,88,Yes,86.88757075,106.6893263,95.55979966,2,4
0.26271593,970,12,No,57.46321326,104.9790894,100.52801459999999,2,2
0.734014342,135,79,Yes,84.6746399,87.14461217,124.53586990000001,1,1
0.496681638,127,65,Yes,109.7446432,89.67105476,138.5473255,1,3
0.508506963,8,55,No,92.1617229,111.76540209999999,112.22398020000001,1,1
0.141238353,311,80,Yes,116.0347608,113.029899,118.98411340000001,2,1
0.263159403,101,44,No,131.5024077,106.54615449999999,109.80303490000001,1,4
0.15560931,729,88,Yes,85.58348492,106.11235309999999,92.08460808,2,4
0.989449837,38,51,No,65.25918125,98.8748043,86.52544178,2,3
0.573317548,700,12,No,75.4853782,92.61947424,108.04239209999999,3,2
0.155476954,747,30,No,101.35263929999999,98.46945124,73.08420955,1,4
0.495037554,35,17,No,113.11999340000001,101.1092512,75.30231632,2,4
0.967609242,270,41,No,118.51379490000001,96.81729627,127.2798115,3,4
0.705150472,251,51,No,112.2059189,101.93652759999999,116.0347362,2,3
0.210795824,47,24,No,88.10845571,99.41904421,89.83880804,3,1
0.149568617,859,19,No,71.81758969,100.2809694,102.2693672,1,2
0.84369196,739,38,No,121.87135079999999,107.835907,114.60017749999999,2,4
0.029836036,330,83,No,113.0237965,104.8803362,86.11663572,1,4
0.569957552,71,46,No,87.63602833,108.1085324,85.16860071,3,2
0.312646804,554,28,No,56.72643095,92.31284639,117.21771770000001,3,2
0.52181579,274,10,No,116.20515230000001,95.81761984,114.0438889,3,2
0.811816278,842,43,No,115.8488571,89.61652905,138.31196599999998,3,1
0.6798213120000001,979,79,Yes,143.8070826,106.32396010000001,122.02055800000001,1,1
0.6066912520000001,951,65,Yes,92.27626092,83.69236521,78.03294027,2,3
0.19059008,373,88,Yes,103.2401042,106.61583999999999,90.70206847,2,4
0.435702233,727,18,No,124.54444950000001,94.49411538,130.8823582,2,4
0.087378984,133,65,Yes,96.53224252,96.26037495,76.08557046,2,3
0.968527976,241,60,Yes,70.36458943,104.6835089,93.46438590000001,3,3
0.727715172,952,65,Yes,96.48330289,93.04679747,98.31619045,2,3
0.19852686600000002,134,53,No,98.32962285,100.59381090000001,115.5741047,2,3
0.844240023,974,38,No,97.81784409,111.0741675,94.94244328,2,4
0.104101927,429,65,Yes,76.14465414,93.97345443,108.9442729,1,3
0.52092431,504,55,No,103.4524605,99.76755611,128.07592549999998,1,2
0.330360014,202,45,No,85.47025009999999,111.5486787,84.48907863,1,1
0.973917347,708,14,No,79.53109778,100.4875962,53.46082223,2,3
0.8976074470000001,501,66,Yes,71.92183381,106.8901076,66.868012,2,3
0.413255663,391,85,Yes,103.70755079999999,92.41019194,91.10029300000001,3,2
0.5035130999999999,713,65,Yes,97.61987153,95.60150259,88.37180867,2,3
0.861874742,424,35,No,126.12549990000001,102.26238719999999,90.11035352,3,2
0.361845965,239,38,No,48.59034661,107.0189746,82.67233951,2,4
0.29401432899999996,795,92,Yes,110.8689295,98.5840232,121.56052079999999,1,2
0.318902865,173,23,No,89.06199119,99.90487827,73.71605989,2,2
0.43239671399999996,381,33,No,140.9858744,87.25006628,125.47337209999999,1,4
0.579234441,505,22,No,88.15204937,106.6021446,113.0762836,3,1
0.169596174,674,65,Yes,95.24539906,115.9503864,100.4178602,1,3
0.735213896,470,26,No,113.4358321,91.82061858,95.36508541,1,4
0.36930774299999997,84,12,No,56.90766195,70.92881491,110.71220149999999,1,2
0.583659444,536,16,No,83.95831157,101.7508802,117.8981463,2,3
0.12136195599999999,163,48,No,143.5503382,97.50586632,121.1105841,3,1
0.982746595,873,4,No,46.60128721,114.49963629999999,71.80056052,2,2
0.031977515,601,54,No,98.68886709,125.3812758,123.3805805,1,4
0.634415808,514,60,Yes,118.03362240000001,98.52804145,131.59207460000002,3,3
0.225234015,816,45,No,88.04750683,108.4000402,90.87088496,1,2
0.20423706600000002,143,77,No,100.1031836,105.24492179999999,100.09561459999999,3,2
0.430883,581,31,No,104.2805506,97.61164939,106.867088,2,2
0.894585273,402,81,No,65.11291145,105.45356100000001,97.05480756,3,4
0.8864516179999999,662,88,Yes,88.58975909,112.1675561,99.86145565,2,4
0.43609399600000004,804,12,No,84.52197479,93.23293592,87.91034665,2,3
0.497260396,779,86,Yes,119.14717240000002,88.69783307,44.05861937,3,2
0.7462847840000001,569,66,No,86.90220321,98.91228582,88.99686622,3,1
0.224466298,223,8,No,92.26027172,88.16059474,125.67507179999998,3,2
0.016243661,637,56,No,98.83673629,104.9088072,114.39002690000001,3,4
0.413811817,687,73,Yes,127.2639544,103.5572918,133.8596693,3,1
0.05132198599999999,836,81,Yes,79.74938628,78.281154,87.93739852,3,4
0.015543923000000001,89,49,No,105.5421334,97.28968823,112.9373963,2,4
0.923599727,668,73,No,62.21239864,97.98055543,112.045723,1,1
0.5043708029999999,937,80,Yes,102.7097196,102.8467778,108.32429909999999,1,1
0.005319298,731,19,No,112.40332749999999,107.73836670000001,111.47928950000001,2,1
0.512374874,962,54,No,129.8158207,96.95590895,111.16472320000001,3,4
0.775287458,849,4,No,122.2064503,94.67305419,112.41788759999999,2,3
0.505199238,775,56,No,99.46358828,109.1463596,119.9772055,1,2
0.9400429459999999,249,85,Yes,97.9282765,96.30706049,109.4866982,3,2
0.363349365,99,80,Yes,85.21625561,88.57300613,70.92465014,2,1
0.40778292899999996,277,74,No,99.21774611,85.04469833,71.46352862,1,2
0.19316517100000002,632,56,No,87.51321781,115.46128200000001,104.0242329,1,4
0.316641007,607,81,No,57.43642184,113.5861283,88.20300259999999,1,4
0.663151967,257,80,Yes,138.3759366,110.5161483,112.9856511,1,1
0.06404024700000001,553,61,No,109.2597706,92.25017384,70.1168102,1,3
0.8813171120000001,809,38,No,97.92286888,103.6839047,95.77434809,1,3
0.507886096,940,34,No,152.2472591,104.46502159999999,68.16686514,3,3
0.43259635700000004,567,60,Yes,116.6944294,106.48507190000001,107.7119541,3,3
0.41888144899999996,996,61,No,129.4026635,105.40379070000002,87.55605965,3,2
0.03031665,819,18,No,129.3586686,95.48779959,104.7582439,1,1
0.9829984909999999,26,7,No,111.5163715,98.31505149,123.3052926,1,2
0.5267792370000001,495,66,Yes,87.64751401,112.66854909999999,77.59314255,2,3
0.038274716,828,34,No,116.5570977,91.861367,86.41816173,2,1
0.456191091,694,65,Yes,75.46380429,113.00593,122.0091321,2,3
0.319953367,681,34,No,86.14392774,94.86906416,128.1063994,1,3
0.483819582,214,60,Yes,85.44405211,107.3373551,86.72571576,3,3
0.095057095,676,53,No,86.82007041,107.21417659999999,95.79943674,2,3
0.070072256,410,52,No,86.10751429,93.68407938,83.15696087,1,3
0.490594286,215,47,No,92.01036137,95.85379470000001,114.1714076,1,2
0.9337716290000001,335,92,Yes,83.3672664,112.14363429999999,115.09313780000001,2,2
0.366888536,513,60,Yes,146.49827240000002,101.08990779999999,136.030098,3,3
0.974550757,426,73,Yes,95.12069014,83.91188494,121.03854720000001,3,1
0.746740128,109,71,No,96.70897012,111.7631163,102.40237690000001,3,2
0.606177383,192,56,No,92.17885406,104.2302045,96.51715873,1,4
0.795824894,518,16,No,113.44076609999999,84.56255085,98.27463019,3,2
0.825340498,312,81,Yes,84.41393902,110.82295090000001,101.17413940000002,3,4
0.537752425,886,92,Yes,83.41775869,91.62927168,148.1284018,2,2
0.318275215,370,60,Yes,112.25643570000001,85.24114778,106.784924,3,3
0.731633203,220,80,No,89.88222274,103.8470332,90.89449635,2,4
0.34507127600000004,560,77,No,89.13264319,108.28124340000001,114.63535700000001,1,1
0.6317515779999999,846,81,Yes,99.17823531,99.13871701,95.49296461,3,4
0.889002415,878,26,No,92.17880634,101.0721874,67.25648332,1,3
0.48977916899999996,266,49,No,111.47225359999999,85.84924473,128.3332476,3,1
0.7817102029999999,321,80,Yes,126.20749579999999,108.3094338,115.5916939,1,1
0.29736247600000004,887,86,Yes,99.64954629,104.90925179999999,93.43342614,3,2
0.765595644,620,61,No,97.69718903,101.88496070000001,130.135676,3,1
0.78567284,154,63,No,110.08313100000001,112.9812551,96.62748214,2,2
0.346097091,178,60,No,113.22692849999999,128.5950383,96.48873927,1,1
0.868832547,124,65,Yes,119.0011817,108.5672605,90.21907271,1,3
0.522885085,466,65,Yes,95.75352436,92.31580754,95.32702839,1,3
0.320267297,138,84,No,120.94555020000001,101.98585190000001,101.8841017,2,4
0.34087990000000007,313,68,No,85.07220883,104.1094647,107.7140369,2,2
0.17312227800000002,416,93,Yes,108.72059309999999,100.8918579,100.8783625,2,2
0.210797874,363,19,No,97.87080501,104.0255241,78.49145490000001,2,1
0.8955777140000001,682,29,No,108.4133588,112.8680361,94.82251917,3,4
0.9025587740000001,564,25,No,91.06771541,99.41313697,106.63594520000001,2,2
0.8421181870000001,591,30,No,93.88255716,103.12901490000002,110.23204890000001,2,3
0.277897132,190,37,No,106.10007790000002,99.84788693,93.34575008,1,4
0.75606664,691,73,No,103.88137640000001,93.1331722,92.27922542,1,4
0.966251027,16,65,Yes,100.35621259999999,103.8248007,86.08794063,2,3
0.8850948270000001,550,20,No,104.62156970000001,113.24842120000001,110.26723759999999,2,2
0.246291948,663,49,No,81.82940534,104.9825534,102.2891495,2,3
0.460891076,534,44,No,109.5958521,90.89258319,143.3595386,3,2
0.659103867,177,88,Yes,90.03014039,95.62513027,121.65969740000001,1,4
0.10143468,185,35,No,101.1146141,101.44358869999999,102.2526685,3,3
0.300566723,331,2,No,106.69696359999999,97.21304372,93.85869715,2,2
0.376771974,227,67,No,97.32105012,93.09866928,114.87436129999999,1,2
0.690837817,827,80,No,127.37135079999999,103.5734976,111.2251287,1,4
0.512557401,839,92,Yes,105.383124,106.41731770000001,133.6504699,2,2
0.8191389090000001,904,3,No,56.17177135,88.91703002,96.14338728,3,1
0.175870411,572,40,No,80.40071612,116.0775585,94.01098349,3,2
0.050011775999999994,991,30,No,84.58244428,98.42001087,88.00175655,3,1
0.125488331,422,88,Yes,114.52152350000001,110.5097425,107.12630619999999,2,4
0.085464598,546,31,No,71.32208515,101.34296640000001,117.53915790000002,1,4
0.38210843,7,65,No,104.5401682,108.42015649999999,104.4062563,2,3
0.59249604,11,7,No,120.28599380000001,103.4541368,90.56827189,2,3
0.619566933,552,61,Yes,105.70660649999999,103.4861975,59.64195681,3,3
0.126222324,672,50,No,110.4460737,99.59673272,100.2521234,2,4
0.38464315299999996,745,40,No,105.5142856,99.48156441,62.08682761,3,2
0.615786388,603,74,Yes,79.21047345,91.62352994,98.48603325,3,1
0.132037598,287,60,No,109.11772549999999,92.77764496,98.68664627,2,2
0.672438787,850,60,Yes,130.5173334,94.24235329,77.07077762,3,3
0.693311861,689,6,No,132.093877,96.41462829,123.03063190000002,3,3
0.672342643,618,80,Yes,95.07575508,104.6095164,68.87349656,1,1
0.022250892999999997,589,29,No,80.78224540000001,94.55384281,87.47371346,3,2
0.8483597409999999,67,16,No,98.85788463,94.59619158,114.29340559999999,3,4
0.057255800999999995,999,60,Yes,120.3512884,93.77154151,114.2516554,3,3
0.9590713790000001,118,74,Yes,110.1976712,109.91287859999998,96.71791287,3,1
0.42094473299999996,760,21,No,99.00365273,97.32850275,72.77187235,1,4
0.159770583,325,92,Yes,134.9526042,88.48010079999999,108.67736640000001,2,2
0.156008789,310,86,Yes,88.77023945,110.7154578,79.61013172,3,2
0.138550329,549,43,No,81.77978353,91.96565385,75.14654634,1,4
0.96352739,870,86,No,76.19664829,102.6919007,95.97696993,2,2
0.740238216,580,58,No,117.99045509999999,97.06000359,128.812916,1,2
0.443480571,743,88,Yes,96.10586879,83.88845914,76.37176899,2,4
0.708398271,742,40,No,128.2207485,110.4003294,85.37598469,2,1
0.160008948,407,65,Yes,128.3172975,106.729157,94.74178420000001,1,3
0.557891251,787,63,No,90.99176758,93.95345499,81.09924955,1,4
0.849271999,763,25,No,65.55163161,89.23078421,148.0145809,1,3
0.677522615,858,93,Yes,115.01942820000001,113.86235090000001,86.31523612,2,2
0.08114454900000001,957,81,No,80.00815226,92.94532758,104.9994585,2,2
0.54949566,302,49,No,106.5604683,92.93064673,121.0338278,3,2
0.164187574,188,65,Yes,112.5857118,101.6142635,80.83568474,2,3
0.34019125899999997,515,19,No,123.9284399,102.3402566,110.95076090000002,1,3
0.461485482,260,40,No,96.06869558,105.2206332,120.2784907,3,4
0.073257627,201,80,Yes,70.76412566,88.90264367,107.2609915,1,1
0.841999156,584,64,No,109.74725990000002,108.05303889999999,96.14239799,2,1
0.43260942399999996,966,81,Yes,93.62504245,111.7793293,126.9995764,3,4
0.242736628,824,20,No,144.8317169,117.90777920000001,108.93622409999999,2,1
0.458093042,351,79,Yes,83.49423659,93.40046999,121.2977598,2,1
0.110378225,524,21,No,119.4140619,112.1013459,85.28897211,2,4
0.6842046190000001,56,76,No,87.09276089,98.38474842,79.95705583,3,2
0.204010692,39,58,No,103.84234599999999,88.89829459,93.43482374,3,3
0.6689751270000001,77,44,No,79.59452653,100.11069559999999,98.43332131,2,3
0.42573617399999997,28,27,No,80.19902714,108.44948629999999,96.28547323,1,3
0.900352633,79,63,No,154.92458530000002,77.67724907,112.04880690000002,2,4
0.374362535,68,80,Yes,113.60114499999999,92.24315126,109.87601550000001,1,1
0.44119532200000006,206,60,Yes,84.25104439,101.34590370000001,137.7316507,3,3
0.30864689,306,47,No,94.00602087,102.1411703,55.62637359,3,1
0.8030085020000001,738,5,No,74.48747426,99.10009387,79.52161712,3,3
0.735935346,167,80,Yes,132.6130061,94.92467534,86.81560948,2,1
0.750327702,649,93,Yes,77.70504868,83.97763667,64.88013098,1,2
0.16176164099999998,136,28,No,70.04576881,104.9802014,70.66169669,2,4
0.002756655,475,60,No,96.27225443,77.80137602,112.19617029999999,1,1
0.315745368,348,58,No,111.6453989,87.89884994,79.45524105,3,4
0.566663813,502,60,No,86.00046399,100.13408670000001,111.42122490000001,2,3
0.133678302,480,80,Yes,62.64646201,101.5569311,115.4800775,1,1
0.489787415,909,85,Yes,94.60705053,102.85312590000001,100.27202559999999,3,2
0.861382856,732,79,Yes,74.82551372,86.26659608,109.50855530000001,2,1
0.316689651,253,44,No,104.4124785,104.8934097,117.27357260000001,2,3
0.883133733,250,29,No,67.81225145,96.10784622,122.3718087,1,1
0.572129978,852,65,Yes,94.68396594,108.96142150000001,118.02739440000002,1,3
0.414709335,860,60,No,110.8812294,90.74898805,105.05599280000001,2,3
0.8482327540000001,899,82,No,89.03305936,102.111698,120.457516,2,4
0.238051885,365,8,No,123.0263818,101.2923412,113.8098361,1,1
0.31003433399999997,406,65,Yes,112.8939709,104.7427573,107.3606306,1,3
0.5606851979999999,892,51,No,83.84387513,96.46360873,92.79820374,2,4
0.04400976400000001,867,7,No,124.3806396,101.54321850000001,102.6114378,2,4
0.136805375,645,63,No,77.4245435,89.95804395,112.27267520000001,1,3
0.039838511,831,80,Yes,95.32397567,103.2903791,109.4110162,1,1
0.7566002,403,60,Yes,51.46222395,100.55111690000001,106.5114031,3,3
0.943862346,170,65,Yes,107.4348672,90.82303655,138.4133405,2,3
0.49004187,680,60,Yes,100.221632,101.3705708,112.342235,3,3
0.359496855,176,24,No,110.6439173,98.14071808,86.39503297,2,4
0.217904008,459,73,Yes,86.07886827,96.4323304,149.924611,3,1
0.34174523,382,92,Yes,86.22910861,86.11189974,111.8425483,2,2
0.308950133,543,58,No,94.15228726,88.44665868,135.7447785,2,3
0.125361856,988,26,No,105.33981979999999,106.0510666,105.30916129999999,1,2
0.004263094,855,92,Yes,62.86186865,112.96216979999998,117.16864650000001,2,2
0.642073132,854,54,No,101.9277194,98.61359172,97.90275087,1,4
0.7352918820000001,706,88,Yes,143.86474209999997,95.87773954,117.16109229999999,1,4
0.48827141799999996,100,20,No,73.32115289,123.8980003,129.43969009999998,2,3
0.292497345,235,65,Yes,84.75126749,121.81066609999999,102.97026,2,3
0.259601678,114,82,Yes,103.10726329999999,103.6731971,79.50453248,3,4
0.354011258,633,31,No,66.05914598,91.08115049,132.8960253,2,1
0.6691623329999999,967,56,No,125.8449723,94.1146668,88.68996986,3,3
0.7148650440000001,230,71,No,87.81222539,103.4070849,111.96655279999999,3,2
0.774306924,314,65,Yes,102.194994,93.38983164,70.11393139,1,3
0.345119511,181,80,Yes,106.3317345,107.4080993,107.47688740000001,1,1
0.399184881,792,60,Yes,138.1911205,91.65626896,101.9259278,3,3
0.552763663,289,61,No,92.15915621,102.99234609999999,85.15456641,3,1
0.907653212,644,78,No,104.9116487,104.2572957,83.42149109,1,4
0.29789468,149,49,No,96.0259551,101.7665745,129.3959183,2,3
0.857240447,389,65,Yes,81.71098194,99.14965123,93.16406456,2,3
0.38034785299999996,290,79,Yes,111.76617240000002,97.22459227,116.80306709999999,1,1
0.917846266,822,80,Yes,129.92174369999998,104.5983261,65.18346688,2,1
0.616799031,992,23,No,102.1557371,103.4316575,87.24826931,3,2
0.5231707520000001,877,43,No,88.37081726,88.25204726,88.85615429,2,4
0.7621061920000001,477,16,No,96.61713227,110.2104906,92.23282144,2,1
0.954430039,573,10,No,72.01005056,109.56039469999999,132.4949068,1,3
0.745362388,656,88,Yes,101.8850304,80.20631364,111.24012859999999,1,4
0.5353554770000001,203,81,Yes,52.49765001,90.09954474,84.82670487,3,4
0.954925208,768,19,No,64.28565742,114.037572,123.755117,3,4
0.419622375,916,31,No,132.8574784,82.03728259999998,106.71926509999999,2,1
0.504939405,238,57,No,89.14378006,106.3110111,76.40645579,1,3
0.25580319,27,92,Yes,133.1077066,104.05149300000001,120.95862859999998,1,2
0.7196972290000001,308,25,No,98.56261935,96.52450221,49.84846939,1,1
0.862767795,652,9,No,96.70986038,89.49637124,91.67263447,2,1
0.34267327399999997,942,53,No,67.89336141,99.51692219,111.8488205,2,3
0.00106609,621,88,Yes,84.29478616,85.65029662,93.81460506,2,4
0.957089272,657,85,Yes,90.20638283,101.7319388,115.1979378,3,2
0.272442193,269,80,Yes,91.39931729,99.91949583,80.83289070000001,2,1
0.6935894909999999,709,66,No,91.05138614,97.52466441,78.61742661,2,2
0.639424622,752,76,No,90.38576175,104.5337845,111.3231862,2,4
0.9495988790000001,295,85,Yes,85.20434836,108.83344939999999,119.16404309999999,3,2
0.250818164,845,24,No,86.65688722,110.3557443,105.59970200000001,2,2
0.846067426,146,59,No,118.41284329999999,98.19892544,73.37333135,3,4
0.031837559,586,88,Yes,82.48807497,94.06325121,118.09454479999998,1,4
0.7098289320000001,437,92,Yes,126.8191693,83.31109493,117.6669629,1,2
0.693424858,307,24,No,90.18068383,104.2512406,90.37342086,2,2
0.918705984,780,17,No,94.68950331,108.2822108,89.05813298,1,2
0.259597134,333,34,No,97.75289859,99.413492,103.7562706,2,1
0.97424422,813,93,Yes,79.63958383,115.057383,87.22372543,2,2
0.674629707,932,24,No,85.226111,114.9718442,85.41919146,3,2
0.005102776,835,63,No,94.57927475,100.776327,111.94148020000002,2,1
0.12503497800000002,157,29,No,140.3729067,104.53903050000001,82.25351215,1,1
0.965514975,507,85,Yes,173.2825408,111.6626543,124.70891019999999,3,2
0.40871128,945,66,No,93.31462565,97.26276037,90.12881011,1,4
0.451756174,629,1,No,92.10080195,89.99461085,97.29228958,2,1
0.8113073190000001,164,65,Yes,68.83180412,100.00758959999999,77.62546519,2,3
0.317797379,667,49,No,103.8908585,108.44777040000001,99.58076829,3,2
0.047110491,451,65,Yes,93.91332598,91.26211515,91.48661787,2,3
0.9015232470000001,66,80,Yes,79.25573205,112.6724587,124.736851,1,1
0.09865076099999999,448,80,Yes,110.2297466,101.44552259999999,75.63057702,2,1
0.348494319,914,79,Yes,83.50915384,80.19900228,135.16931719999997,2,1
0.486266954,664,39,No,101.6767349,104.4654632,78.75495455,1,2
0.98076505,749,32,No,128.9411083,97.25785131,88.69819983,2,2
0.188917243,531,74,Yes,82.52821911,109.63842369999999,96.59799612,3,1
0.30839252,398,62,No,96.14067129,79.33497737,139.3520024,2,1
0.7565463990000001,450,20,No,130.7760286,107.1000442,94.5256947,3,2
0.679332445,595,22,No,104.02677840000001,88.21287267,83.22122036,2,1
0.41238574,925,1,No,141.0425952,113.35882179999999,91.31055355,3,2
0.287700335,998,26,No,121.90645490000001,78.64690295,101.4990011,3,3
0.9480114470000001,54,80,Yes,81.55537698,90.69889367,97.02690353,2,1
0.965578955,651,31,No,113.211629,102.38712740000001,81.90237741,2,4
0.169454259,354,45,No,146.48261000000002,98.84825154,106.9790328,3,4
0.14131608199999998,540,92,Yes,105.0747055,98.55536282,130.5570767,2,2
0.5256380070000001,781,63,No,102.1127749,106.2506946,92.31519517,1,3
0.082457856,150,5,No,64.84102158,87.63241888,84.74365498,2,1
0.747284842,315,12,No,69.80779035,83.67069847,82.23645826,1,2
0.017380706,485,23,No,105.486158,118.2919966,96.02882218,2,2
0.90593278,950,29,No,121.3890098,83.71084563,101.80652979999999,3,4
0.25286469300000003,570,88,Yes,99.68203559,115.8417289,104.0767926,1,4
0.075411221,989,2,No,62.39240693,89.08275675,88.76889673,1,4
0.583370635,986,13,No,85.78027201,92.84483672,90.2360567,1,3
0.556367072,711,88,Yes,83.32483885,97.97364021,65.21580585,2,4
0.247812759,93,17,No,77.30203512,95.24526849,102.4544526,1,4
0.32627855699999997,575,76,No,95.3103348,93.46411836,78.12938193,3,2
0.801991282,110,65,Yes,77.20681327,95.44711572,111.53517930000001,2,3
0.10803009300000001,198,46,No,67.46314505,100.31283020000001,88.61622406,1,1
0.847813495,339,80,Yes,104.5512445,103.1169775,96.76267759,1,1
0.680411055,160,20,No,119.2571561,100.6706946,65.04109861,1,1
0.8424548909999999,960,66,Yes,90.44987724,113.957099,72.40684563,1,3
0.151766378,627,42,No,88.40955072,111.85425719999999,92.50320389,3,2
0.983161002,255,19,No,94.15601843,123.08062959999998,105.3645153,1,3
0.38931142799999996,902,90,No,87.72727391,117.51353529999999,42.27959777,1,2
0.061639195,661,88,Yes,95.21735068,106.1197597,88.43730614,2,4
0.520758434,246,28,No,78.66593081,110.51840770000001,111.07845359999999,1,4
0.17424176,328,12,No,95.06305508,105.98594479999998,108.00828659999999,2,2
0.659354059,24,33,No,129.540845,92.12162741,72.37703226,1,2
0.67926757,268,53,No,87.96763611,91.20086693,113.26021840000001,2,4
0.301199972,131,4,No,107.8373588,99.83817218,111.0848528,2,4
0.23452296399999997,278,93,Yes,92.97667487,98.64137136,101.3321156,1,2
0.06637844400000001,352,88,Yes,126.70586189999999,92.44197037,104.9071869,1,4
0.07537527599999999,614,73,Yes,94.38858829,117.55457179999999,137.6645123,3,1
0.058993084,147,88,Yes,74.03205981,81.48540424,122.94971159999999,2,4
0.6452194920000001,679,2,No,113.7242812,97.61950709999999,102.4971134,3,4
0.630699161,628,32,No,96.3452806,91.29465417,84.81261253,3,2
0.461663851,355,39,No,85.80748956,93.02524417,96.3568589,1,4
0.8081613209999999,997,80,Yes,150.69568950000001,111.9887615,85.86354729,2,1
0.9580880190000001,894,57,No,104.12851450000001,91.53258819999999,110.08027369999999,3,3
0.9601791540000001,338,72,No,121.1085311,95.09554947,104.7811532,3,1
0.638241962,499,81,Yes,101.63761099999999,97.60178301,118.0431521,3,4
0.504239453,293,58,No,95.30752801,97.49013516,102.3134457,1,3
0.36475873600000003,759,65,Yes,98.41174596,101.0983454,100.76301240000001,1,3
0.507734122,340,12,No,62.33579998,92.24498992,93.70366556,2,1
0.016701395,976,65,Yes,100.5258397,108.76454070000001,111.98411909999999,1,3
0.773884325,576,69,No,88.99176552,94.08955846,89.41488442,3,2
0.43767458600000003,503,42,No,141.3049796,100.565399,90.687831,1,3
0.652845097,710,80,Yes,88.41407945,97.36275458,89.31981296,2,1
0.796108936,599,79,No,123.10834890000001,109.9657864,119.8540501,1,2
0.46407682100000003,347,2,No,113.60909369999999,83.46267061,104.12249109999999,1,3
0.983054613,975,5,No,69.29337314,109.4179077,111.6442027,2,2
0.114778915,126,28,No,92.43671384,103.4157814,84.35551244,3,2
0.056254042000000004,990,56,No,100.6223605,98.09015003,126.8485419,1,4
0.194473295,948,60,Yes,84.11160975,118.7811884,106.9423282,3,3
0.000988993,537,80,Yes,72.29605807,98.65100391,89.75361583,1,1
0.7715201509999999,400,61,No,130.6205854,117.53624640000001,72.85384667,1,1
0.44350222200000006,4,93,Yes,101.07184129999999,101.4597725,100.4683095,2,2
0.653590761,372,67,No,139.5743417,100.5087382,69.38011409,2,1
0.151023879,460,65,Yes,102.77675570000001,111.4517798,112.9557703,1,3
0.8756860009999999,861,6,No,97.52706923,101.24955200000001,113.4265545,3,2
0.545087678,469,80,Yes,33.48191737,102.3103093,97.35961631,2,1
0.58188049,108,36,No,91.24713174,93.03728223,94.45839707,2,3
0.207789248,889,80,Yes,107.31210619999999,99.27197297,102.03076120000001,1,1
0.757627079,95,18,No,84.53736236,106.0971892,141.8914187,2,3
0.695337512,641,46,No,72.25553465,117.67165359999998,89.68002082,1,3
0.257063657,323,80,Yes,147.4138919,87.44533599,100.0408353,1,1
0.21385074199999998,232,29,No,83.45815627,83.76541926,108.4264351,1,1
0.265428965,380,74,Yes,114.26312309999999,86.83758483,86.63390737,3,1
0.75600272,912,86,Yes,138.2638844,91.0466142,73.29702688,3,2
0.962136931,29,65,Yes,89.75231566,106.45196670000001,141.0827592,2,3
0.495211491,342,74,Yes,87.07413340000001,123.26769350000001,101.0064163,3,1
0.335518072,734,67,No,82.17819319,88.83202799,102.7250535,1,4
0.636145947,770,58,No,138.729936,84.25043595,73.31904291,1,2
0.067490226,803,73,Yes,74.66116758,116.08708689999999,129.4902715,3,1
0.047230231,721,25,No,84.89864628,84.86790095,96.55605179999999,1,4
0.802436074,92,85,Yes,100.15247590000001,105.3768446,112.6853212,3,2
0.843162291,263,42,No,116.54878970000001,93.29411388,100.4592065,3,4
0.432601736,49,71,No,88.18621311,116.03886429999999,103.5252337,2,4
0.9129067540000001,500,88,Yes,120.61515020000002,86.09934693,89.08310201,2,4
0.86176459,44,65,Yes,51.69950796,58.54730111,60.51820437,2,3
0.535378992,286,35,No,88.71833465,79.23709873,123.57562109999999,1,4
0.199542937,961,45,No,96.98795347,96.98695666,62.95617977,3,3
0.272608338,427,26,No,92.540717,88.18427275,115.3353489,2,2
0.5948731970000001,489,67,No,90.08072329,114.42586329999999,86.140575,3,4
0.633037854,317,77,No,137.36690769999998,98.26301894,87.22526474,1,4
0.012925111999999999,129,46,No,133.4835583,96.44604138,86.11773347,1,4
0.8511351429999999,622,65,Yes,114.68976869999999,92.65291582,111.15933000000001,1,3
0.413571617,817,25,No,111.66906170000001,93.27223301,119.0101687,3,3
0.651390198,701,47,No,121.6248825,98.69430428,74.75057567,1,3
0.296015034,825,29,No,112.74500159999998,91.61766973,100.9545667,2,4
0.819469807,526,93,Yes,89.10571119,94.89606948,93.73461694,1,2
0.65619392,476,74,Yes,87.50831657,90.08488794,74.33315664,3,1
0.89513128,533,47,No,119.7459957,119.10463349999999,112.34128259999999,1,1
0.6805975059999999,509,73,Yes,101.2279631,95.88523063,112.0732419,3,1
0.386747202,797,69,No,66.93302741,95.69960941,115.36852569999999,1,2
0.824075268,910,77,No,136.34669530000002,96.60797615,99.96954104,2,1
0.6361302,520,19,No,115.5279271,102.91247840000001,92.37923722,3,2
0.435107211,408,52,No,38.78754767,116.4918169,125.0025263,3,4
0.22623442300000002,519,85,Yes,85.33211838,92.97577656,139.8641702,3,2
0.424721646,189,88,Yes,97.86140584,108.59116029999998,99.86760889,2,4
0.179052703,449,26,No,91.06149269,104.8846811,60.61123187,1,3
0.745685265,895,88,Yes,81.73325676,95.61298190000001,134.6336561,1,4
0.04461463400000001,985,9,No,89.32006408,95.97596256,98.23716736,3,3
0.06620463,276,5,No,89.30661009,98.71708976,99.76389665,2,2
0.070395047,33,73,Yes,77.26951694,82.99944993,125.4883602,3,1
0.413023307,971,71,No,105.97144779999999,87.36748742,106.5517152,2,2
0.24006981800000002,853,88,No,112.60533000000001,100.27434090000001,87.98363112,2,4
0.34985603,826,65,Yes,100.2518501,93.34673498,88.15086763,2,3
0.69205715,754,24,No,60.1987941,112.29033079999999,101.8822342,2,1
0.124254024,635,81,Yes,99.52789867,94.57180405,110.78149750000001,3,4
0.464515821,457,12,No,126.8592528,92.55529087,109.7438203,2,4
0.14756134,841,49,No,99.12691885,105.455789,113.4644369,2,4
0.9539451090000001,977,74,Yes,100.0059233,103.5028764,96.87603499,3,1
0.44255412200000005,665,65,No,101.15848079999999,89.23415453,111.1869777,1,4
0.789162145,488,33,No,111.737241,96.47043186,85.47370017,2,2
0.669907542,322,60,Yes,86.41755545,103.15559920000001,137.10407709999998,3,3
0.15321043,956,55,No,146.3333418,98.23750591,103.2092373,2,1
0.06174736,484,55,No,92.65273389,88.29525666,95.71042159,2,1
0.583724593,796,41,No,92.453609,92.49535193,140.1600911,2,2
0.23125304300000002,983,63,No,81.92521008,87.59759596,110.9066888,3,1
0.907041212,337,81,Yes,127.26779979999999,84.26949324,93.03027489,3,4
0.888973235,12,8,No,102.5285553,109.6696888,125.6032844,3,3
0.7132505729999999,930,74,No,109.5579662,115.13058170000001,126.3921548,3,4
0.043682887000000004,565,80,Yes,93.69823433,106.250103,100.5615017,2,1
0.115970475,210,85,Yes,83.58406008,79.72451035,124.6367074,3,2
0.99668521,175,67,No,95.59981157,97.55150136,129.203039,2,2
0.04430406,630,34,No,97.13286233,117.24490630000001,101.5042043,1,4
0.936492578,919,17,No,81.07606688,92.81724306,123.0878047,3,3
0.12129123800000001,158,93,Yes,115.1857482,101.14966329999999,91.47168833,2,2
0.8619019309999999,21,54,No,69.02317525,103.6400105,49.81990264,3,2
0.787838423,36,80,Yes,111.99144150000001,106.2575243,110.3341415,2,1
0.70055038,498,65,No,103.7368214,97.68297405,104.78146600000001,3,4
0.350746157,527,34,No,102.0595059,83.97148642,86.24532972,3,3
0.695211083,234,65,Yes,104.6414108,111.4188395,96.51154379,2,3
0.327085105,982,74,Yes,116.63192079999999,113.1316562,83.1886714,3,1
0.9911093670000001,2,28,No,88.68783476,86.69133425,128.3799916,1,2
0.22657075699999998,452,80,Yes,68.85065142,106.2142358,115.7119699,2,1
0.867486671,669,80,Yes,75.0604639,91.73103628,57.34534891,1,1
0.401688372,594,80,Yes,99.43119894,96.43331087,55.91119683,1,1
0.957074465,37,85,No,88.55083112,95.97581186,118.05888629999998,3,2
0.636815855,393,34,No,96.4221917,98.22750893,95.26037259,2,1
0.387183085,300,5,No,124.060321,106.6025178,100.1367328,2,3
0.9930153,684,85,Yes,105.9076314,116.0320561,119.3019094,3,2
0.949894661,122,65,Yes,129.9664351,95.76767249,110.7243672,1,3
0.37052233799999995,168,65,No,115.60755959999999,103.01357270000001,101.6168426,2,2
0.36147336399999996,511,2,No,99.55729989,75.06279953,101.1478423,1,3
0.451032039,981,13,No,72.55408417,111.3764192,93.54141963,2,2
0.21038889800000002,486,36,No,101.58467440000001,93.19685586,53.68552772,3,1
0.664877936,264,85,No,76.06914566,97.07369969999999,83.24985338,2,4
0.293900422,180,71,No,114.6718716,106.01976140000001,90.69467731,3,1
0.94034936,418,10,No,68.66148375,106.17035459999998,71.75791101,3,1
0.462903995,605,31,No,114.0235311,111.60558390000001,108.8943008,1,4
0.162893233,562,65,Yes,116.7030362,99.45324659999999,80.72306687,1,3
0.753155295,659,12,No,113.3491219,114.47318590000002,101.5657772,3,1
0.570205981,412,80,Yes,112.0956784,95.34112341,91.10385148,1,1
0.834015092,516,55,No,74.57754143,113.00184399999999,114.51893290000001,3,2
0.557121667,716,60,Yes,101.50535079999999,77.65982051,107.65609380000001,3,3
0.9948722990000001,719,12,No,112.04741499999999,89.84959363,81.10095313,2,2
0.793266137,874,71,No,78.35441224,115.10307759999998,120.4686983,1,1
0.8595306770000001,920,80,Yes,78.91818984,80.50030303,87.98640894,1,1
0.9438717990000001,897,5,No,133.0639889,84.46012536,108.8989324,1,1
0.656895629,401,65,Yes,150.665421,89.13903219,102.67990259999999,2,3
0.8497840870000001,786,88,Yes,124.919901,110.83175530000001,81.48699807,1,4
0.31048775300000003,724,24,No,113.27260530000001,114.696552,79.69982029,1,3
0.996737037,58,48,No,80.94962803,106.3025588,96.25748233,2,3
0.353685929,240,85,No,67.46672736,111.22809790000001,89.08602618,1,4
0.7614522570000001,86,81,Yes,90.67123432,89.5638833,86.38418467,3,4
0.37424922899999996,965,74,No,62.11775037,95.0504184,84.07694229,2,4
0.823331088,837,79,Yes,121.3920162,116.15706019999999,131.3832723,1,1
0.17685356300000002,205,30,No,81.41411179,77.84237127,76.29286351,2,2
0.026225452000000003,702,92,Yes,120.18420619999999,82.46557766,132.2585991,2,2
0.594242855,225,56,No,122.3290021,99.430185,113.2887586,1,3
0.7980367290000001,467,8,No,104.7586955,126.3110635,99.32586687,1,1
0.095315124,598,65,Yes,76.81390329,88.48760552,97.91723838,2,3
0.559849603,847,93,Yes,94.01292355,107.9943727,86.82420605,2,2
0.448571041,868,60,Yes,98.19445357,94.19122048,75.88332481,3,3
0.447416748,374,49,No,101.80515890000001,116.5310626,106.73051670000001,2,4
0.20441261800000002,394,81,Yes,111.02571409999999,93.40602817,80.99028054,3,4
0.142179609,174,60,Yes,92.77751204,101.0364492,99.01180073,3,3
0.7948699690000001,103,52,No,65.64282279,76.75852253,113.5163748,3,3
0.577984634,636,65,Yes,120.4946348,120.355508,103.595199,2,3
0.770367612,30,85,Yes,69.53731478,82.61246511,120.29126219999999,3,2
0.557061345,159,93,Yes,95.8067128,92.91202985,87.67209364,2,2
0.103483925,626,36,No,137.2128229,108.45701640000001,133.62405479999998,3,1
0.989879183,539,92,Yes,111.2730416,84.02775136,122.19684280000001,1,2
0.766760626,585,13,No,77.90980281,81.71882305,116.2701676,3,3
0.9918667720000001,704,45,No,125.70187150000001,101.9967219,58.30095817,1,2
0.225365693,943,9,No,80.42128326,97.10285708,91.440331,2,1
0.350290344,53,35,No,70.95902236,91.05610686,83.54544289,2,2
0.520290292,535,59,No,116.30874150000001,97.67504843,107.035628,1,1
0.09526774,262,2,No,69.04580099,104.2146142,83.07660209,1,3
0.106995483,646,92,Yes,108.3393848,102.17656190000001,121.32590619999999,1,2
0.194615812,807,37,No,93.70783840000001,114.396699,115.0832449,2,4
0.948195462,823,78,No,75.80609176,80.41630602,101.5804487,1,4
0.9483865159999999,261,85,Yes,92.50877794,106.55116699999999,106.5479672,3,2
0.101952763,443,65,Yes,83.03044607,107.6538483,92.02624326,1,3
0.954806658,395,27,No,86.0706438,104.9150315,137.6061546,1,2
0.9942216970000001,409,4,No,89.9994371,104.97291159999999,129.9878939,1,1
0.821619555,741,80,Yes,77.12083796,103.721079,78.25048078,2,1
